Stock,Year,SpnExp,Spn,Rec,RecAge3,RecAge4,RecAge5,RecAge6,RecAge7,logRpS
Stock1,1954,NA,NA,NA,NA,NA,NA,NA,NA,NA
Stock1,1955,NA,NA,21860.96319,NA,NA,0.2991,0.7009,0,NA
Stock1,1956,NA,NA,36129.59206,NA,0.006,0.6664,0.3276,0,NA
Stock1,1957,NA,NA,28107.05632,0.0026,0.028,0.6491,0.3202,0,NA
Stock1,1958,NA,NA,16921.01186,0.0159,0.0354,0.8228,0.1258,0,NA
Stock1,1959,NA,NA,12352.86543,0.0169,0.0377,0.2715,0.6739,0,NA
Stock1,1960,2.24,7850.563844,24596.74771,0.0069,0.0048,0.5593,0.429,0,1.1420288708116346
Stock1,1961,2.24,29719.9917,33589.02766,0.0012,0.0137,0.495,0.4901,0,0.1223795153231715
Stock1,1962,2.24,22306.81641,45213.95699,0.0036,0.0123,0.575,0.4091,0,0.7065135217703326
Stock1,1963,2.24,20187.16417,33177.03987,0.0058,0.0259,0.8673,0.101,0,0.49681110119404553
Stock1,1964,2.24,4261.734658,8076.257587,0.0331,0.1063,0.5832,0.2774,0,0.639252321198128
Stock1,1965,2.24,17719.844109999998,5489.153468,0.058,0.0305,0.6835,0.228,0,-1.1719110993661634
Stock1,1966,2.24,18841.35323,6997.247359,0.0089,0.0192,0.3015,0.6703,0,-0.9905372567736294
Stock1,1967,2.24,28037.72801,12704.14719,0.0038,0.0057,0.5949,0.3956,0,-0.7916225415837705
Stock1,1968,2.24,33645.27362,10338.61658,0.0024,0.0241,0.7554,0.2181,0,-1.1799865220753252
Stock1,1969,2.24,6729.054724,4316.809423,0.0192,0.0576,0.7833,0.14,0,-0.443918106837815
Stock1,1970,2.24,5046.791043,4684.802625,0.0192,0.0251,0.2111,0.7446,0,-0.07442881861450014
Stock1,1971,2.24,2579.470977,14327.76204,0.003,0.0024,0.4006,0.594,0,1.7146147263463356
Stock1,1972,2.24,8972.072965,24730.84107,5e-4,0.0078,0.5425,0.4492,0,1.0139343419158742
Stock1,1973,2.24,8972.072965,28571.34307,0.0023,0.0156,0.6087,0.3733,0,1.1582874757899464
Stock1,1974,2.24,3925.281922,35717.65129,0.0044,0.0163,0.4708,0.5085,0,2.208206824570925
Stock1,1975,2.24,1345.810945,30417.5359,0.0067,0.0185,0.9397,0.0351,0,3.1180225164722284
Stock1,1976,2.24,6729.054724,8056.733715,0.0218,0.1065,0.1875,0.6842,0,0.18007355137248737
Stock1,1977,2.24,15701.12769,16766.47378,0.0201,0.0034,0.5823,0.3943,0,0.06564874703312604
Stock1,1978,2.24,20187.16417,15336.72985,0.0013,0.0214,0.682,0.2953,0,-0.2747963700553514
Stock1,1979,2.24,20187.16417,12258.59826,0.0092,0.0282,0.5753,0.3872,0,-0.4988193757522012
Stock1,1980,2.24,33645.27362,20089.85474,0.0061,0.012,0.381,0.6008,0,-0.5156576408299848
Stock1,1981,2.24,2018.716417,24536.19477,0.0035,0.0105,0.781,0.205,0,2.4976874926035064
Stock1,1982,2.24,10654.33665,17457.96065,0.005,0.0358,0.4431,0.516,0,0.49382873587337633
Stock1,1983,2.24,14579.61857,23831.95402,0.0094,0.0111,0.6103,0.3692,0,0.4914027210118114
Stock1,1984,2.24,8972.072965,20760.87912,0.0044,0.0233,0.665,0.3072,0,0.8389536550735968
Stock1,1985,2.24,8972.072965,24662.56476,0.0069,0.0188,0.4097,0.5646,0,1.011169748045948
Stock1,1986,2.24,23551.69153,35090.19403,0.0047,0.0098,0.6346,0.351,0,0.3987240740162194
Stock1,1987,2.24,11215.09121,30473.28126,0.0039,0.0242,0.6301,0.3418,0,0.9995899746206971
Stock1,1988,2.24,14579.61857,25133.54203,0.0102,0.0254,0.6501,0.3142,0,0.5445787248336238
Stock1,1989,3.04,16746.66022,24878.87779,0.009,0.0221,0.5042,0.4646,0,0.3958203134106546
Stock1,1990,2.24,11215.09121,38308.10015,0.0051,0.0112,0.4844,0.4993,0,1.2284010651955066
Stock1,1991,2.24,24673.20065,51760.40926,0.0029,0.012,0.585,0.4,0,0.7409078963644916
Stock1,1992,2.24,17944.14593,39069.63307,0.0055,0.0256,0.8241,0.1448,0,0.7780815877098215
Stock1,1993,2.24,16822.63681,10238.45101,0.0308,0.0952,0.7882,0.0858,0,-0.4965750689933932
Stock1,1994,2.24,14579.61857,5787.878696,0.0602,0.0478,0.245,0.6471,0,-0.9238587143528004
Stock1,1995,2.24,19065.65505,12570.13367,0.0085,0.0042,0.5213,0.466,0,-0.41656489489695925
Stock1,1996,2.24,28037.72801,11876.98028,0.0015,0.0184,0.774,0.2061,0,-0.8589489356972574
Stock1,1997,2.24,26916.21889,17959.65922,0.0042,0.0171,0.2152,0.7634,NA,-0.40460094932413754
Stock1,1998,2.24,12336.60033,NA,NA,NA,NA,NA,NA,NA
Stock1,1999,2.24,2243.018241,NA,NA,NA,NA,NA,NA,NA
Stock1,2000,2.24,6953.356548,11866.61111,0.0215,NA,0.7602,0.2183,0,0.5345041678998566
Stock1,2001,2.24,12112.2985,15501.49326,NA,0.0196,0.2647,0.7157,0,0.24671501726810652
Stock1,2002,2.24,4486.036482,18422.93993,0.0058,0.0075,0.9581,0.0286,0,1.4126270549349937
Stock1,2003,2.24,30280.74626,10594.10628,0.0044,0.0534,0.075,0.8673,0,-1.0502142384103417
Stock1,2004,NA,NA,31048.78096,0.0067,9e-4,0.4927,0.4997,0,NA
Stock1,2005,2.92,13734.19325,34971.24182,3e-4,0.0146,0.6962,0.2889,0,0.9346374804358426
Stock1,2006,2.24,5383.243779,32651.73835,0.0054,0.0246,0.4817,0.4883,0,1.8026069708830124
Stock1,2007,2.24,24673.20065,33786.29619,0.0084,0.0157,0.7505,0.2254,0,0.3143376214362252
Stock1,2008,2.92,1168.86751,15144.11113,0.0118,0.0538,0.7611,0.1733,0,2.5615764122177267
Stock1,2009,2.24,24112.44609,12048.74305,0.0239,0.0324,0.3478,0.5958,0,-0.6937677991669667
Stock1,2010,2.24,37794.85736,23777.24607,0.006,0.0062,0.4996,0.4882,0,-0.46344396879927946
Stock1,2011,2.24,23327.38971,20735.46437,0.0025,0.019,0.8766,0.1019,NA,-0.11778270530443133
Stock1,2012,2.24,36785.49916,NA,NA,NA,NA,NA,NA,NA
Stock1,2013,2.24,19962.86235,NA,NA,NA,NA,NA,NA,NA
Stock1,2014,2.24,6370.171805,NA,NA,NA,NA,NA,NA,NA
Stock1,2015,2.24,18841.35323,NA,NA,NA,NA,NA,NA,NA
Stock1,2016,2.24,27230.24145,NA,NA,NA,NA,NA,NA,NA
Stock1,2017,2.24,5607.545603,NA,NA,NA,NA,NA,NA,NA
Stock23,1955,NA,NA,NA,NA,NA,NA,NA,NA,NA
Stock23,1956,NA,NA,NA,NA,NA,NA,NA,NA,NA
Stock23,1957,NA,NA,NA,NA,NA,NA,NA,NA,NA
Stock23,1958,NA,NA,NA,NA,NA,NA,NA,NA,NA
Stock23,1959,NA,NA,NA,NA,NA,NA,NA,NA,NA
Stock23,1960,NA,NA,NA,NA,NA,NA,NA,NA,NA
Stock23,1961,2,600,NA,NA,NA,NA,NA,NA,NA
Stock23,1962,NA,NA,NA,NA,NA,NA,NA,NA,NA
Stock23,1963,NA,NA,NA,NA,NA,NA,NA,NA,NA
Stock23,1964,2,500,NA,NA,NA,NA,NA,NA,NA
Stock23,1965,NA,NA,NA,NA,NA,NA,NA,NA,NA
Stock23,1966,2,600,NA,NA,NA,NA,NA,NA,NA
Stock23,1967,NA,NA,NA,NA,NA,NA,NA,NA,NA
Stock23,1968,2,600,830.4633384,NA,0.1199,0.8801,0,NA,0.32505412885319496
Stock23,1969,NA,NA,686.1515615,0.0043,0.9917,0.004,NA,NA,NA
Stock23,1970,2,100,NA,NA,NA,NA,NA,NA,NA
Stock23,1972,2,100,NA,NA,NA,NA,NA,NA,NA
Stock23,1973,2,600,NA,NA,NA,NA,NA,NA,NA
Stock23,1974,2,2,755.215184,NA,0.8581,0.141,9e-4,NA,5.933855540001428
Stock23,1975,NA,NA,213.2126686,0.0823,0.4289,0.4888,NA,NA,NA
Stock23,1976,NA,NA,NA,NA,NA,NA,NA,NA,NA
Stock23,1977,NA,NA,NA,NA,NA,NA,NA,NA,NA
Stock23,1978,2,600,NA,NA,NA,NA,NA,NA,NA
Stock23,1979,2,100,NA,NA,NA,NA,NA,NA,NA
Stock23,1980,2,100,NA,NA,NA,NA,NA,NA,NA
Stock23,1981,NA,NA,NA,NA,NA,NA,NA,NA,NA
Stock23,1982,NA,NA,NA,NA,NA,NA,NA,NA,NA
Stock23,1983,NA,NA,NA,NA,NA,NA,NA,NA,NA
Stock23,1984,NA,NA,NA,NA,NA,NA,NA,NA,NA
Stock23,1985,NA,NA,NA,NA,NA,NA,NA,NA,NA
Stock23,1986,NA,NA,NA,NA,NA,NA,NA,NA,NA
Stock23,1987,2,100,NA,NA,NA,NA,NA,NA,NA
Stock23,1988,NA,NA,1747.090869,NA,0.5285,0.4715,NA,NA,NA
Stock23,1989,NA,NA,NA,NA,NA,NA,NA,NA,NA
Stock23,1990,2,260,NA,NA,NA,NA,NA,NA,NA
Stock23,1992,2,800,NA,NA,NA,NA,NA,NA,NA
Stock23,1993,2,700,NA,NA,NA,NA,NA,NA,NA
Stock23,1994,NA,NA,NA,NA,NA,NA,NA,NA,NA
Stock23,1995,NA,NA,1015.029848,NA,0.2234,0.7689,0.0076,NA,NA
Stock23,1996,NA,NA,2053.964329,0.0033,0.3569,0.6399,NA,NA,NA
Stock23,1997,NA,NA,NA,NA,NA,NA,NA,NA,NA
Stock23,1998,NA,NA,NA,NA,NA,NA,NA,NA,NA
Stock23,1999,2,400,NA,NA,NA,NA,NA,NA,NA
Stock23,2000,2,600,NA,NA,NA,NA,NA,NA,NA
Stock23,2001,2,1400,NA,NA,NA,NA,NA,NA,NA
Stock23,2002,NA,NA,NA,NA,NA,NA,NA,NA,NA
Stock23,2003,NA,NA,320.9598254,NA,0.7174,0.2741,0.0085,0,NA
Stock23,2004,NA,NA,547.8887035,0.0122,0.1485,0.832,0.0073,0,NA
Stock23,2005,2,250,1121.979914,0.0022,0.3852,0.609,0.0036,0,1.5013892660993688
Stock23,2006,NA,NA,1339.210231,0.0094,0.4711,0.5107,0.0089,0,NA
Stock23,2007,2,320,2695.936776,0.007,0.2398,0.7526,7e-4,0,2.13118002492487
Stock23,2008,2,114,2225.92478,0.0085,0.8465,0.1391,0.0059,0,2.9717292913156896
Stock23,2009,2,780,2556.951749,0.0215,0.1123,0.8651,0.0011,NA,1.1872771852691613
Stock23,2010,2,1020,2586.943779,0.0033,0.8153,0.1814,NA,0,0.9306745435494173
Stock23,2011,2,964,NA,NA,NA,NA,NA,NA,NA
Stock23,2012,2,2860,NA,NA,NA,NA,NA,NA,NA
Stock23,2013,2,550,NA,NA,NA,NA,NA,NA,NA
Stock23,2014,2,3126,NA,NA,NA,NA,NA,NA,NA
Stock23,2015,2,766,NA,NA,NA,NA,NA,NA,NA
Stock23,2017,2,2262,NA,NA,NA,NA,NA,NA,NA
Stock2,1960,1,42484.86364,67743.22511,0.3111,0.4783,0.2106,0,0,0.46657659353629105
Stock2,1961,1,133007.0186,59790.36695,0.0783,0.4946,0.4271,0,0,-0.7995573380700505
Stock2,1962,1,21586.8425,135558.7662,0.024,0.2113,0.7647,0,0,1.8373212596242519
Stock2,1963,1,77001.76097,220156.3915,0.0483,0.4874,0.4643,0,0,1.0505098729257496
Stock2,1964,1,68408.8136,73683.71378,0.0495,0.217,0.7335,0,0,0.07428012472830593
Stock2,1965,1,29888.49784,123272.6076,0.0389,0.6405,0.3206,0,0,1.4169245061450824
Stock2,1966,1,31977.04506,122890.9207,0.1474,0.659,0.1936,0,0,1.3462788348225814
Stock2,1967,1,95241.71482,112912.7078,0.1609,0.3112,0.5279,0,0,0.17019699613091718
Stock2,1968,1,62457.16289,137651.2778,0.0151,0.1497,0.8352,0,0,0.7902425865168962
Stock2,1969,1,89904.93818,296831.7225,0.0542,0.4722,0.4736,0,0,1.1944125176516636
Stock2,1970,1,82163.63349,123672.2414,0.229,0.6075,0.1635,0,0,0.4089220624252544
Stock2,1971,1,34049.06011,102102.1275,0.2611,0.612,0.1269,0,0,1.098171133383822
Stock2,1972,1,52692.14185,69978.14688,0.1255,0.1097,0.7648,0,0,0.28371667245667515
Stock2,1973,1,140252.6508,87485.06572,0.0473,0.5344,0.4183,0,0,-0.4719773434481573
Stock2,1974,1,109850.7509,21764.60357,0.1036,0.5148,0.3816,0,0,-1.618837673759114
Stock2,1975,1,60352.60041,121238.0582,0.1191,0.5487,0.3322,0,0,0.6975520004645718
Stock2,1976,1,13335.83037,22855.9284,0.1223,0.4651,0.4126,0,0,0.5387561066053944
Stock2,1977,1,54679.10412,244298.8479,0.0405,0.2986,0.6609,0,0,1.4969106346606704
Stock2,1978,1,32031.53105,60093.42835,0.0677,0.5506,0.3818,0,0,0.6291797273264389
Stock2,1979,1,42454.92924,31319.67829,0.1202,0.4308,0.449,0,0,-0.30419642538553243
Stock2,1980,1,31679.46519,124199.6463,0.0605,0.2093,0.7302,0,0,1.3662216364942954
Stock2,1981,1,46466.07316,79386.19157,0.0317,0.5941,0.3742,0,0,0.5356020065948859
Stock2,1982,1,93630.30261,40884.6865,0.0479,0.3984,0.5537,0,0,-0.8285984971868071
Stock2,1983,1,26965.08859,46233.1792,0.0568,0.3778,0.5654,0,0,0.5391546906794146
Stock2,1984,1,26503.0687,97906.46506,0.1293,0.6548,0.2159,0,0,1.3067520584533054
Stock2,1985,1,75649.39542,38968.93861,0.0545,0.2914,0.654,0,0,-0.6633445654973942
Stock2,1986,1,26864.92035,85069.85373,0.0214,0.151,0.8276,0,0,1.152651368226499
Stock2,1987,1,38205.99781,86188.99884,0.018,0.2998,0.6821,0,0,0.8135500318385424
Stock2,1988,1,42434.7788,88150.66587,0.1515,0.5678,0.2806,0,0,0.7310791819142098
Stock2,1989,1,18412.34583,52359.01262,0.1759,0.2614,0.5628,0,0,1.0451026747014616
Stock2,1990,1,21328.18518,85690.49327,0.0106,0.1203,0.8691,0,0,1.3907124432303382
Stock2,1991,1,58719.05892,151367.4612,0.0386,0.5334,0.428,0,0,0.9469460408750263
Stock2,1992,1,52358.40232,316858.0861,0.0593,0.2767,0.664,0,0,1.8003415685144502
Stock2,1993,1,16646.26196,129510.3007,0.0083,0.5122,0.4795,0,0,2.051574735747133
Stock2,1994,1,25124.28503,12234.96107,0.0454,0.3572,0.5975,0,0,-0.7195373944226927
Stock2,1995,1,79679.07233,86163.16034,0.0466,0.706,0.2474,0,0,0.07823574130951666
Stock2,1996,1,60908.54906,573717.0433,0.0277,0.3083,0.664,0,0,2.242762775336285
Stock2,1997,1,92244.94577,59234.46944,0.0135,0.5484,0.4381,0,0,-0.44294386651872114
Stock2,1998,1,43130.46314,92797.07282,0.0909,0.3059,0.6032,0,0,0.7661855475713908
Stock2,1999,1,63692.09022,31556.81862,0.028,0.5769,0.3951,0,0,-0.702270695783523
Stock2,2000,1,84557.61981,65956.49106,0.0847,0.6952,0.2201,0,0,-0.24843789494598464
Stock2,2001,1,232802.4918,37666.53305,0.0204,0.4708,0.5088,0,0,-1.8214184367154407
Stock2,2002,1,29323.9913,128600.1228,0.0399,0.4261,0.534,0,0,1.4783017700259873
Stock2,2003,1,55028.42071,13941.29189,0.0591,0.2888,0.6521,0,0,-1.3729947158758768
Stock2,2004,1,39546.46709,57340.61381,0.0325,0.6131,0.3544,0,0,0.37153280260432836
Stock2,2005,1,25140.85209,16865.98443,0.0319,0.3548,0.6133,0,0,-0.3991952583894635
Stock2,2006,1,40873.873,58312.17568,0.0154,0.2746,0.71,0,0,0.3553198598624621
Stock2,2007,1,52862.30583,90695.28737,0.0419,0.5129,0.4452,0,0,0.539814867659156
Stock2,2008,1,28667.49528,55085.75043,0.0929,0.8236,0.0835,0,0,0.6531271575431953
Stock2,2009,1,20503.14886,22650.95731,0.2203,0.2282,0.5515,0,0,0.09962363910258194
Stock2,2010,1,20454.52714,42851.44816,0.0133,0.3275,0.6592,0,0,0.739535206477517
Stock2,2011,1,64621.8148,61984.32653,0.0249,0.5121,0.463,0,NA,-0.04167048900337234
Stock2,2012,1,60983.03607,48971.23497,0.0713,0.6585,0.2702,NA,NA,-0.21936264397822483
Stock2,2013,1,8759.596648,NA,NA,NA,NA,NA,NA,NA
Stock2,2014,1,25328,NA,NA,NA,NA,NA,NA,NA
Stock2,2015,1,52238.52758,NA,NA,NA,NA,NA,NA,NA
Stock2,2016,1,41607.04671,NA,NA,NA,NA,NA,NA,NA
Stock2,2017,1,28035.6678,NA,NA,NA,NA,NA,NA,NA
Stock3,1960,1,112920.2955,536013.0755,0.1174,0.5142,0.3683,0,0,1.5574763350840286
Stock3,1961,1,467456.7196,791420.2697,0.0503,0.5171,0.4326,0,0,0.5265223750348884
Stock3,1962,1,354596.5483,1113679.682,0.0404,0.3449,0.6147,0,0,1.1444441810142618
Stock3,1963,1,193635.9131,1591331.406,0.0896,0.4454,0.4651,0,0,2.1063466478974586
Stock3,1964,1,396889.3866,430743.9915,0.0559,0.2688,0.6753,0,0,0.08185630769372154
Stock3,1965,1,313241.8987,681740.4441,0.0509,0.6233,0.3258,0,0,0.777673273555024
Stock3,1966,1,243131.2517,1010658.81,0.0965,0.4503,0.4533,0,0,1.42475625634196
Stock3,1967,1,296654.5216,1316404.194,0.0775,0.514,0.4085,0,0,1.4900909682327141
Stock3,1968,1,267415.4322,565192.0644,0.0707,0.3289,0.6004,0,0,0.7483622353276514
Stock3,1969,1,345341.7574,1317744.291,0.1101,0.314,0.5759,0,0,1.3391421554719511
Stock3,1970,1,327829.8049,539940.6834,0.1548,0.7513,0.0939,0,0,0.498964701753862
Stock3,1971,1,436875.6328,548937.2639,0.2622,0.2856,0.4522,0,0,0.22833560011736703
Stock3,1972,1,309503.8948,478862.5087,0.046,0.3073,0.6467,0,0,0.4364428417894884
Stock3,1973,1,236140.2913,458669.9696,0.1728,0.5898,0.2374,0,0,0.6639048478935957
Stock3,1974,1,291444.2836,153827.7668,0.0848,0.2167,0.6985,0,0,-0.6390152715053865
Stock3,1975,1,118485.163,1312052.983,0.0327,0.6559,0.3114,0,0,2.4045606060876823
Stock3,1976,1,163137.0625,180108.3462,0.2007,0.5987,0.2006,0,0,0.09896787143714221
Stock3,1977,1,199710.9783,818896.2973,0.1226,0.3412,0.5361,0,0,1.4110862418409191
Stock3,1978,1,57401.78244,242455.5154,0.0643,0.371,0.5647,0,0,1.440742896095516
Stock3,1979,1,357449.2278,271911.8127,0.0376,0.2961,0.6662,0,0,-0.2735155361971194
Stock3,1980,1,197030.5175,1426319.036,0.0314,0.2348,0.7338,0,0,1.9794936759531179
Stock3,1981,1,113331.8857,859969.8675,0.0377,0.6329,0.3294,0,0,2.0265767952177933
Stock3,1982,1,159594.8001,377558.8464,0.0599,0.4114,0.5287,0,0,0.8610883373857899
Stock3,1983,1,103026.9894,376591.8189,0.0665,0.409,0.5245,0,0,1.2961709054930057
Stock3,1984,1,204447.1039,805932.7411,0.1386,0.601,0.2604,0,0,1.3716910098691928
Stock3,1985,1,623637.3576,552712.5176,0.029,0.204,0.7669,0,0,-0.1207310350655903
Stock3,1986,1,167437.178,1197966.643,0.0151,0.1783,0.8066,0,0,1.9677727101838929
Stock3,1987,1,237400.0832,1545949.834,0.0167,0.2294,0.7539,0,0,1.873646947081643
Stock3,1988,1,241974.29,2261516.901,0.0811,0.4388,0.4802,0,0,2.2349595814049317
Stock3,1989,1,132562.83,1043917.76,0.1749,0.5755,0.2496,0,0,2.0636792696797945
Stock3,1990,1,198864.1975,228263.716,0.174,0.3994,0.4267,0,0,0.13787944253030315
Stock3,1991,1,432582.0934,367699.8321,0.1404,0.2871,0.5724,0,0,-0.16250518800464692
Stock3,1992,1,582914.3116,640381.6813,0.0384,0.4447,0.5169,0,0,0.09402417846239726
Stock3,1993,1,595377.2527,285468.7071,0.0122,0.3656,0.6222,0,0,-0.7350628270464
Stock3,1994,1,132299.3946,32064.01812,0.0272,0.3898,0.5829,0,0,-1.417333024564721
Stock3,1995,1,69505.93146,215748.8912,0.0533,0.721,0.2258,0,0,1.132703096991463
Stock3,1996,1,143305.4368,1987481.497,0.0204,0.2034,0.7762,0,0,2.6296452626991504
Stock3,1997,1,129974.7626,264476.1608,0.0069,0.4974,0.4957,0,0,0.7104108201728832
Stock3,1998,1,97880.26042,295151.6245,0.1158,0.4858,0.3984,0,0,1.1037443064768242
Stock3,1999,1,155039.5077,147124.6746,0.0303,0.26,0.7097,0,0,-0.05239961897454614
Stock3,2000,1,185019.5173,496389.0336,0.0237,0.7736,0.2028,0,0,0.9868986427923971
Stock3,2001,1,617400.8519,205900.1078,0.0312,0.5971,0.3716,0,0,-1.0981273542969705
Stock3,2002,1,130726.3807,501320.2496,0.0709,0.4364,0.4927,0,0,1.3441386757438478
Stock3,2003,1,99284.4758,64784.6211,0.0507,0.2235,0.7257,0,0,-0.426920975987232
Stock3,2004,1,249231.3465,289291.944,0.0232,0.6285,0.3484,0,0,0.1490547975424106
Stock3,2005,1,163177.6669,71217.844,0.039,0.4168,0.5442,0,0,-0.8290961831943696
Stock3,2006,1,137660.391,192895.2271,0.0231,0.3111,0.6659,0,0,0.3373574594361837
Stock3,2007,1,100762.0793,239023.301,0.0596,0.6038,0.3367,0,0,0.8637989534665241
Stock3,2008,1,93158.20872,127499.0847,0.1245,0.7091,0.1664,0,0,0.3138099689127512
Stock3,2009,1,93791.00011,137789.4084,0.0722,0.173,0.7549,0,0,0.38465758975217695
Stock3,2010,1,74125.69651,215545.4286,0.0122,0.5422,0.4456,0,0,1.0674094391971753
Stock3,2011,1,152998.1381,263098.0361,0.0489,0.4102,0.5409,0,NA,0.5421009715188627
Stock3,2012,1,112217.6013,219796.3092,0.054,0.7275,0.2185,NA,NA,0.6722613950831311
Stock3,2013,1,39601.50154,NA,NA,NA,NA,NA,NA,NA
Stock3,2014,1,133874,NA,NA,NA,NA,NA,NA,NA
Stock3,2015,1,140168.4127,NA,NA,NA,NA,NA,NA,NA
Stock3,2016,1,164716.015,NA,NA,NA,NA,NA,NA,NA
Stock3,2017,1,84731.66132,NA,NA,NA,NA,NA,NA,NA
Stock4,1955,NA,NA,NA,NA,NA,NA,NA,NA,NA
Stock4,1956,NA,NA,NA,NA,NA,NA,NA,NA,NA
Stock4,1957,NA,NA,73291.34097,0.0345,0.7104,0.2551,0,0,NA
Stock4,1958,NA,NA,30531.66079,0.034,0.5007,0.4653,0,0,NA
Stock4,1959,NA,NA,104398.9716,0.0146,0.5013,0.4841,0,0,NA
Stock4,1960,1,12298.25,42194.88163,0.3918,0.468,0.1402,0,0,1.232841949463952
Stock4,1961,1,33656.88381,30043.63729,0.0949,0.4082,0.4969,0,0,-0.1135667049215633
Stock4,1962,1,16827.78356,52230.48351,0.0258,0.3206,0.6536,0,0,1.132634995980015
Stock4,1963,1,56280.35686,151688.856,0.041,0.233,0.7261,0,0,0.9914858498561551
Stock4,1964,1,35959.77664,40778.34777,0.0295,0.4225,0.548,0,0,0.12575025039336968
Stock4,1965,1,11093.98391,41897.6218,0.1234,0.7792,0.0974,0,0,1.3288260950688837
Stock4,1966,1,15195.70323,22697.73407,0.33,0.3685,0.3015,0,0,0.4012523931468592
Stock4,1967,1,24200.7636,25673.29214,0.0731,0.3936,0.5333,0,0,0.059067048815218286
Stock4,1968,1,55410.40488,37721.45083,0.0158,0.1255,0.8587,0,0,-0.38453846966176974
Stock4,1969,1,32575.30443,105825.1423,0.0349,0.3732,0.5919,0,0,1.1782336626012917
Stock4,1970,1,7422.56162,52064.50099,0.1532,0.643,0.2037,0,0,1.9479591241638012
Stock4,1971,1,8381.307104,53896.42914,0.2204,0.6082,0.1714,0,0,1.861060344670489
Stock4,1972,1,10276.9633,28214.73109,0.1633,0.194,0.6427,0,0,1.0099394030741236
Stock4,1973,1,32178.70291,24212.25218,0.1218,0.6542,0.224,0,0,-0.2844460399464791
Stock4,1974,1,38188.61054,7439.198653,0.1027,0.2232,0.6741,0,0,-1.635774182638848
Stock4,1975,1,28685.88157,59350.75937,0.0361,0.6768,0.2872,0,0,0.7270598453818096
Stock4,1976,1,8021.552103,7914.536655,0.2132,0.5685,0.2184,0,0,-0.013430780700732963
Stock4,1977,1,15573.16257,28691.4402,0.1461,0.4658,0.3881,0,0,0.6110497427284155
Stock4,1978,1,3930.731507,11457.60702,0.065,0.1991,0.7358,0,0,1.0698283353070481
Stock4,1979,1,21765.48792,10324.02304,0.0251,0.4803,0.4946,0,0,-0.7458520788489746
Stock4,1980,1,11165.6623,36912.95363,0.0748,0.2557,0.6695,0,0,1.1957193334932206
Stock4,1981,1,7177.686097,18687.48286,0.0489,0.6877,0.2634,0,0,0.9568768734528632
Stock4,1982,1,4826.942237,13684.59495,0.039,0.1972,0.7638,0,0,1.0420575539936954
Stock4,1983,1,8903.566987,25485.58402,0.0171,0.3164,0.6665,0,0,1.0516609782532669
Stock4,1984,1,8065.072405,57179.1716,0.1023,0.7285,0.1692,0,0,1.9586470099879367
Stock4,1985,1,17228.89198,17160.26871,0.0804,0.303,0.6166,0,0,-0.0039909878408746335
Stock4,1986,1,3873.546655,43631.41873,0.0191,0.1222,0.8587,0,0,2.421606968231715
Stock4,1987,1,15785.56397,25319.00219,0.0255,0.5431,0.4314,0,0,0.4724593389268639
Stock4,1988,1,23458.57621,53933.8669,0.1318,0.1724,0.6958,0,0,0.8325224577124363
Stock4,1989,1,7701.269171,32534.33551,0.0526,0.6381,0.3093,0,0,1.4409108662074488
Stock4,1990,1,7395.262344,12584.83939,0.109,0.2797,0.6113,0,0,0.5316532950919896
Stock4,1991,1,24980.09272,21250.65843,0.0938,0.3924,0.5137,0,0,-0.16169133662837962
Stock4,1992,1,8426.286088,111417.1359,0.0174,0.1326,0.85,0,0,2.581925022840353
Stock4,1993,1,21962.13029,54283.32613,0.0033,0.5501,0.4466,0,0,0.9048974906775903
Stock4,1994,1,7559.965404,4475.606804,0.0558,0.3812,0.563,0,0,-0.5242246727971251
Stock4,1995,1,6555.041209,28393.84642,0.0552,0.7385,0.2063,0,0,1.4659380424902388
Stock4,1996,1,7975.259094,153745.3154,0.0356,0.3161,0.6483,0,0,2.9589533008603124
Stock4,1997,1,34659.93668,33451.28265,0.0065,0.2541,0.7394,0,0,-0.03549432626544935
Stock4,1998,1,16544.92144,119521.2847,0.0185,0.2263,0.7552,0,0,1.9774152770553994
Stock4,1999,1,22945.84713,47210.89281,0.0178,0.6219,0.3603,0,0,0.7214876786473936
Stock4,2000,1,19982.10787,89432.64484,0.1008,0.6995,0.1997,0,0,1.4986485036817412
Stock4,2001,1,47818.30128,29639.68983,0.0354,0.7361,0.2285,0,0,-0.47829410238893605
Stock4,2002,1,24572.62796,44647.46153,0.1412,0.4338,0.425,0,0,0.5971643141823186
Stock4,2003,1,83150.74848,6270.809351,0.0464,0.1774,0.7762,0,0,-2.58474977775344
Stock4,2004,1,51747.18636,37101.04973,0.0139,0.5073,0.4788,0,0,-0.33272479699004287
Stock4,2005,1,31371.48103,8523.676035,0.0338,0.6138,0.3525,0,0,-1.303051525458971
Stock4,2006,1,12514.581,34962.06782,0.0224,0.133,0.8445,0,0,1.0273692527084222
Stock4,2007,1,12595.25991,91034.57244,0.0121,0.3644,0.6234,0,0,1.9779188057314578
Stock4,2008,1,12743.941,71481.05031,0.0511,0.8921,0.0568,0,0,1.7243764409763667
Stock4,2009,1,18341.09602,21528.9282,0.3258,0.212,0.4622,0,0,0.16025330221672382
Stock4,2010,1,6065.421348,50031.05978,0.01,0.2235,0.7665,0,0,2.1100399961303213
Stock4,2011,1,43110.49213,72360.83268,0.017,0.5955,0.3875,0,NA,0.5178987635488693
Stock4,2012,1,82348.20759,46400.1683,0.1021,0.6791,0.2188,NA,NA,-0.5736536042500482
Stock4,2013,1,7959.90181,NA,NA,NA,NA,NA,NA,NA
Stock4,2014,1,7178.953979,NA,NA,NA,NA,NA,NA,NA
Stock4,2015,1,68420.70475,NA,NA,NA,NA,NA,NA,NA
Stock4,2016,1,39539.93828,NA,NA,NA,NA,NA,NA,NA
Stock4,2017,1,21094.31589,NA,NA,NA,NA,NA,NA,NA
Stock5,1954,NA,NA,NA,NA,NA,NA,NA,NA,NA
Stock5,1955,NA,NA,NA,NA,NA,NA,NA,NA,NA
Stock5,1956,NA,NA,NA,NA,NA,NA,NA,NA,NA
Stock5,1957,NA,NA,9056.471841,0.0546,0.1964,0.749,0,0,NA
Stock5,1958,NA,NA,12867.60372,0.0317,0.2288,0.7394,0,0,NA
Stock5,1959,NA,NA,14976.16822,0.0452,0.2758,0.6791,0,0,NA
Stock5,1960,2.25,3824.5064,8384.65686,0.1131,0.5265,0.3604,0,0,0.7849740581611312
Stock5,1961,2.48,3331.802629,4409.592316,0.2299,0.2974,0.4726,0,0,0.2802687522778088
Stock5,1962,2.53,5061.266001,5511.885091,0.0547,0.1641,0.7812,0,NA,0.08529003660189184
Stock5,1963,2.13,9994.261693,5796.271115,0.0358,0.3225,0.6417,NA,0,-0.5447962980007532
Stock5,1964,2.15,7851.814429,NA,NA,NA,NA,NA,NA,NA
Stock5,1965,2.68,2679.156221,NA,NA,NA,NA,NA,NA,NA
Stock5,1966,2.53,1325.907215,NA,NA,NA,NA,NA,NA,NA
Stock5,1967,3.63,2361.266001,15065.65854,0.0136,0.0233,0.9631,0,NA,1.8532199685633617
Stock5,1968,3.52,2461.266001,36339.6051,0.0022,0.1733,0.8245,NA,0,2.692232343977381
Stock5,1969,NA,NA,NA,NA,NA,NA,NA,NA,NA
Stock5,1970,2.78,1666.919902,NA,NA,NA,NA,NA,NA,NA
Stock5,1971,3.03,606.5496394,NA,NA,NA,NA,NA,NA,NA
Stock5,1972,3.03,10614.61869,NA,NA,NA,NA,NA,NA,NA
Stock5,1973,2.74,19163.74098,NA,NA,NA,NA,NA,NA,NA
Stock5,1974,NA,NA,NA,NA,NA,NA,NA,NA,NA
Stock5,1975,2.05,2251.63741,4700.873129,0.0854,0.2968,0.6178,0,NA,0.7360905742687972
Stock5,1976,2,200,3019.90013,0.1061,0.4174,0.4764,NA,NA,2.7146616737376457
Stock5,1977,NA,NA,NA,NA,NA,NA,NA,NA,NA
Stock5,1978,2.17,2712.236319,NA,NA,NA,NA,NA,NA,NA
Stock5,1979,47.01,2350.379853,NA,NA,NA,NA,NA,NA,NA
Stock5,1980,2.21,1992.48254,NA,NA,NA,NA,NA,NA,NA
Stock5,1981,2.44,1026.767961,4340.68533,0.0169,0.3801,0.603,0,0,1.4416162790219116
Stock5,1982,NA,NA,12688.49655,0.0299,0.0895,0.8806,0,0,NA
Stock5,1983,NA,NA,16509.32032,0.0158,0.2938,0.6904,0,0,NA
Stock5,1984,2,600,8149.823736,0.1367,0.6071,0.2562,0,0,2.6088219233002223
Stock5,1985,2.21,2656.643387,5177.245221,0.2195,0.1751,0.6054,0,0,0.6672096628318447
Stock5,1986,2,2000,12463.83413,0.0167,0.1092,0.8741,0,0,1.8296840005530666
Stock5,1987,2.26,11283.21693,12735.07952,0.0245,0.3713,0.6041,0,NA,0.1210439583797026
Stock5,1988,2.12,6984.96508,12473.96987,0.0871,0.2677,0.6452,NA,0,0.5798840692646834
Stock5,1989,2.08,1610.82195,NA,NA,NA,NA,NA,NA,NA
Stock5,1990,2.07,2196.993016,NA,NA,NA,NA,NA,NA,NA
Stock5,1991,2.05,7292.48254,NA,NA,NA,NA,NA,NA,NA
Stock5,1992,2.11,4856.643387,14941.70617,0.1185,0.3732,0.5083,0,0,1.1238088364717052
Stock5,1993,2.05,5328.321693,6196.884087,0.2067,0.532,0.2613,0,0,0.15101028987847853
Stock5,1994,NA,NA,8764.123148,0.0864,0.0802,0.8334,0,0,NA
Stock5,1995,2.21,10626.57355,12036.61043,0.0134,0.2634,0.7232,0,0,0.12459507182889255
Stock5,1996,2.27,6469.930161,9076.511846,0.0802,0.4163,0.5035,0,0,0.3385246467028737
Stock5,1997,2.01,3632.832169,3649.00759,0.2378,0.5436,0.2186,0,0,0.004442681558623618
Stock5,1998,2.07,1531.328677,11855.36785,0.0384,0.0292,0.9324,0,NA,2.046644973248715
Stock5,1999,2.12,9313.286774,7771.8905350000005,0.0102,0.6173,0.3724,NA,NA,-0.1809286190538313
Stock5,2000,3.23,5174.121063,NA,NA,NA,NA,NA,NA,NA
Stock5,2001,3.29,3780.590797,NA,NA,NA,NA,NA,NA,NA
Stock5,2002,2,600,NA,NA,NA,NA,NA,NA,NA
Stock5,2003,5.14,11309.42372,NA,NA,NA,NA,NA,NA,NA
Stock5,2004,3.97,2980.590797,NA,NA,NA,NA,NA,NA,NA
Stock5,2005,NA,NA,6466.148423,0.094,0.3545,0.5515,0,0,NA
Stock5,2006,NA,NA,8735.200112,0.0603,0.1772,0.7625,0,0,NA
Stock5,2007,NA,NA,11137.48023,0.0319,0.2596,0.7085,0,NA,NA
Stock5,2008,2,6106,8484.458992,0.0783,0.4037,0.5181,NA,NA,0.32896424182215306
Stock5,2009,2.63,6903.181595,NA,NA,NA,NA,NA,NA,NA
Stock5,2010,3.75,4123.473426,NA,NA,NA,NA,NA,NA,NA
Stock5,2011,2.31,7181.976998,NA,NA,NA,NA,NA,NA,NA
Stock5,2012,2,8600,NA,NA,NA,NA,NA,NA,NA
Stock5,2013,3.36,5995.576516,NA,NA,NA,NA,NA,NA,NA
Stock5,2014,NA,NA,NA,NA,NA,NA,NA,NA,NA
Stock5,2015,NA,NA,NA,NA,NA,NA,NA,NA,NA
Stock5,2016,NA,NA,NA,NA,NA,NA,NA,NA,NA
Stock5,2017,2,13786,NA,NA,NA,NA,NA,NA,NA
Stock6,1975,NA,NA,NA,NA,NA,NA,NA,NA,NA
Stock6,1976,NA,NA,NA,NA,NA,NA,NA,NA,NA
Stock6,1977,NA,NA,NA,NA,NA,NA,NA,NA,NA
Stock6,1978,NA,NA,6274.652204,NA,0.7539,0.227,0.0129,0.0062,NA
Stock6,1979,NA,NA,3924.958826,0,0.1747,0.5896,0.2253,0.0104,NA
Stock6,1980,NA,NA,27643.56943,0,0.0409,0.9246,0.0343,3e-4,NA
Stock6,1981,NA,NA,39626.02463,0,0.3118,0.6838,0.0043,2e-4,NA
Stock6,1982,1,5000,18071.24833,0,0.7236,0.2663,0.0084,0.0017,1.28488427279443
Stock6,1983,1,500,7396.42608,0,0.3144,0.5897,0.094,0.0019,2.694144101944118
Stock6,1984,1,1000,22356.4576,0,0.0944,0.8909,0.0141,6e-4,3.107115209975926
Stock6,1985,1,15000,18955.76286,0,0.5076,0.4755,0.0159,9e-4,0.2340577929016692
Stock6,1986,1,10000,13402.7177,0,0.3245,0.6424,0.0306,0.0025,0.2928724068317919
Stock6,1987,1,2000,16696.97956,0,0.2495,0.7039,0.0454,0.0011,2.1220806578341183
Stock6,1988,1,2000,27843.06181,0,0.2042,0.78,0.0155,2e-4,2.6334366276665193
Stock6,1989,1,5000,23032.2505,0,0.4557,0.5374,0.0067,3e-4,1.5274575169889113
Stock6,1990,1,4000,10516.76323,0,0.5681,0.4164,0.0141,0.0014,0.9666761210905072
Stock6,1991,1,3000,6701.997792,0,0.3155,0.6333,0.0491,0.0021,0.8037933711930603
Stock6,1992,1,4500,11812.1182,0,0.1739,0.7979,0.0277,5e-4,0.9650485738281083
Stock6,1993,1,6000,14050.3763,0,0.3243,0.6667,0.0089,1e-4,0.8508897091111933
Stock6,1994,1,6000,8128.140868,0,0.5571,0.4378,0.0051,NA,0.30357275265867506
Stock6,1995,1,1000,NA,NA,NA,NA,NA,NA,NA
Stock6,1996,1,1000,NA,NA,NA,NA,NA,NA,NA
Stock6,1997,1,3000,NA,NA,NA,NA,NA,NA,NA
Stock6,1998,1,5000,NA,NA,NA,NA,NA,NA,NA
Stock6,1999,1,1200,NA,NA,NA,NA,NA,NA,NA
Stock6,2000,1,500,NA,NA,NA,NA,NA,NA,NA
Stock6,2001,NA,NA,3745.435382,NA,0.1157,0.8291,0.0542,0.001,NA
Stock6,2002,NA,NA,7398.244697,0,0.2029,0.7847,0.0118,6e-4,NA
Stock6,2003,NA,NA,5408.57246,0,0.5187,0.4631,0.0176,6e-4,NA
Stock6,2004,NA,NA,4017.168125,0,0.301,0.6779,0.0195,0.0015,NA
Stock6,2005,1,505,3704.343569,0,0.3552,0.6058,0.0373,0.0017,1.9927029183986222
Stock6,2006,1,1701,5190.770775,0,0.2091,0.7624,0.0275,0.001,1.115665884298016
Stock6,2007,1,2067,6130.057842,0,0.3118,0.6664,0.0201,0.0017,1.0871059050930412
Stock6,2008,1,2000,5745.538723,0,0.3439,0.6133,0.0418,0.001,1.0552764988422318
Stock6,2009,1,1716,8722.339312,0,0.1953,0.7888,0.0151,8e-4,1.6258914706020002
Stock6,2010,1,1970,7267.700705,0,0.4579,0.5203,0.0219,NA,1.305406427106726
Stock6,2011,1,2996,NA,NA,NA,NA,NA,NA,NA
Stock6,2012,1,2902,NA,NA,NA,NA,NA,NA,NA
Stock6,2013,1,2300,NA,NA,NA,NA,NA,NA,NA
Stock6,2014,1,5557,NA,NA,NA,NA,NA,NA,NA
Stock6,2015,1,2330,NA,NA,NA,NA,NA,NA,NA
Stock6,2016,1,4167,NA,NA,NA,NA,NA,NA,NA
Stock7,1960,1,44720.90909,275798.4537,0.2002,0.4245,0.3753,0,0,1.8192292016159046
Stock7,1961,1,218146.4691,301743.2989,0.056,0.711,0.2329,0,0,0.3244099384879927
Stock7,1962,1,99535.8732,352479.4505,0.0669,0.2237,0.7094,0,0,1.2644742102382125
Stock7,1963,1,177106.0181,587742.607,0.0498,0.4404,0.5098,0,0,1.1995405832859316
Stock7,1964,1,186458.1011,136991.8553,0.0642,0.3422,0.5936,0,0,-0.30828508116710934
Stock7,1965,1,176198.568,254071.6261,0.0553,0.4676,0.4771,0,0,0.36600463344501366
Stock7,1966,1,58581,541841.7003,0.0503,0.4584,0.4913,0,0,2.2245634809864763
Stock7,1967,1,135976,773287.4927,0.0721,0.5084,0.4195,0,0,1.738172497979229
Stock7,1968,1,125287,456155.6187,0.0509,0.2459,0.7033,0,0,1.2922269148523766
Stock7,1969,1,105359,809174.198,0.1082,0.4834,0.4085,0,0,2.038640652850128
Stock7,1970,1,195558,446508.9563,0.177,0.3957,0.4274,0,0,0.8256024484000986
Stock7,1971,1,282801,1086320.509,0.0577,0.5429,0.3994,0,0,1.3458081148607566
Stock7,1972,1,209478,1103193.294,0.0751,0.2331,0.6917,0,0,1.6613455258655347
Stock7,1973,1,237309,1215019.56,0.114,0.5487,0.3373,0,0,1.6331523650128827
Stock7,1974,1,139211,302680.6259,0.1063,0.4145,0.4792,0,0,0.7766874419179562
Stock7,1975,1,368434.3631,1647575.38,0.0981,0.7052,0.1967,0,0,1.4977974428702812
Stock7,1976,1,288071,354865.3466,0.1375,0.241,0.6214,0,0,0.2085314346380878
Stock7,1977,1,502031,3461500.871,0.023,0.4927,0.4843,0,0,1.9307956809699267
Stock7,1978,1,143303,1023407.906,0.0929,0.3356,0.5715,0,0,1.9659321518546022
Stock7,1979,1,416887,713277.0345,0.0548,0.4822,0.463,0,0,0.5370546907722386
Stock7,1980,1,121208,2133889.276,0.0898,0.2861,0.6241,0,0,2.868193466797326
Stock7,1981,1,441066,1143968.856,0.0516,0.6055,0.3429,0,0,0.9530644236800743
Stock7,1982,1,319421.3838,492103.347,0.0585,0.4371,0.5045,0,0,0.43217756586597894
Stock7,1983,1,314944.3587,790163.7839,0.0439,0.2424,0.7137,0,0,0.9198442611898624
Stock7,1984,1,266910.7921,2520166.038,0.0551,0.5488,0.3961,0,0,2.2451655758427957
Stock7,1985,1,301691.3892,1504412.915,0.0305,0.3566,0.613,0,0,1.6067534065541877
Stock7,1986,1,165481.6594,935671.1771,0.0918,0.4966,0.4116,0,0,1.7324037388970535
Stock7,1987,1,150463.0274,714412.717,0.0788,0.1978,0.7234,0,0,1.5577434414636684
Stock7,1988,1,322949.6462,1359207.346,0.0538,0.3237,0.6225,0,0,1.4371605580406526
Stock7,1989,1,328463.4303,1560180.089,0.0519,0.3001,0.6481,0,0,1.558131026807276
Stock7,1990,1,331533.344,1670820.228,0.0185,0.2117,0.7698,0,0,1.6173415495386652
Stock7,1991,1,104022.9016,3365515.783,0.0595,0.4143,0.5262,0,0,3.4767254264931724
Stock7,1992,1,318209.7075,4187276.943,0.0775,0.5722,0.3503,0,0,2.577095284390516
Stock7,1993,1,260339.4349,866705.5509,0.0339,0.5336,0.4326,0,0,1.2027130023451458
Stock7,1994,1,428140.579,53432.51561,0.0724,0.4938,0.4338,0,0,-2.081032130047459
Stock7,1995,1,393979.993,575826.7487,0.0421,0.335,0.6229,0,0,0.37950670312370505
Stock7,1996,1,372336.6725,5227929.495,0.0096,0.5694,0.421,0,0,2.641972110037131
Stock7,1997,1,320215.5024,510376.4461,0.0263,0.3677,0.606,0,0,0.4661543689110889
Stock7,1998,1,157127,1159477.528,0.042,0.2917,0.6662,0,0,1.99867038019163
Stock7,1999,1,203003.6091,421882.822,0.025,0.5955,0.3795,0,0,0.7315038447904683
Stock7,2000,1,586507.5059,860834.4148,0.0896,0.684,0.2264,0,0,0.38371670283182724
Stock7,2001,1,400411.2576,714092.9633,0.0138,0.3334,0.6528,0,0,0.5785209916345516
Stock7,2002,1,290370.0414,2522655.759,0.0273,0.5284,0.4443,0,0,2.161911383784811
Stock7,2003,1,460679.8674,338183.1104,0.0592,0.1943,0.7464,0,0,-0.3091158754285011
Stock7,2004,1,445304.0577,1342060.393,0.0227,0.7274,0.25,0,0,1.1032039941845326
Stock7,2005,1,327460,293967.025,0.0508,0.3361,0.6131,0,0,-0.10789830902699807
Stock7,2006,1,461925.1378,751968.4537,0.0197,0.3711,0.6092,0,0,0.4872915346448997
Stock7,2007,1,458005.8579,1056254.966,0.0627,0.4873,0.45,0,0,0.835602905991729
Stock7,2008,1,357800.6465,703411.0378,0.0805,0.7592,0.1603,0,0,0.6759654340355299
Stock7,2009,1,317178.4302,1348682.5,0.0436,0.0939,0.8625,0,0,1.4474189821627534
Stock7,2010,1,321952,2027590.416,0.0069,0.6446,0.3485,0,0,1.8402009137068167
Stock7,2011,1,347869.3378,1362216.548,0.1055,0.5828,0.3116,0,NA,1.3650415235518423
Stock7,2012,1,337324.0517,831782.4435,0.105,0.5734,0.3216,NA,NA,0.9025268743724085
Stock7,2013,1,220714,NA,NA,NA,NA,NA,NA,NA
Stock7,2014,1,425299.785,NA,NA,NA,NA,NA,NA,NA
Stock7,2015,1,435158.5813,NA,NA,NA,NA,NA,NA,NA
Stock7,2016,1,464118.2872,NA,NA,NA,NA,NA,NA,NA
Stock7,2017,1,372529.8181,NA,NA,NA,NA,NA,NA,NA
Stock8,1965,2,4,4592.55278,0.0055,0.0952,0.8917,0.0076,0,7.045896948554412
Stock8,1966,2,50,9892.712259,0.0013,0.3896,0.6037,0.0054,0,5.287530624159243
Stock8,1967,2,1500,14682.45668,0.0077,0.3794,0.6114,0.0015,0,2.281188249850803
Stock8,1968,2,1500,12176.23887,0.0134,0.6861,0.3,5e-4,0,2.0940213109199157
Stock8,1969,2,800,4406.762427,0.0535,0.7428,0.2022,0.0015,0,1.706283827620217
Stock8,1970,2,7000,2035.612245,0.0473,0.4084,0.5344,0.0099,0,-1.235113517915438
Stock8,1971,2,10000,4716.489521,0.0055,0.2273,0.7664,8e-4,0,-0.751520315663364
Stock8,1972,2,15000,4008.824008,0.0079,0.841,0.1502,9e-4,NA,-1.3195522676321794
Stock8,1973,2,6000,1180.409809,0.0783,0.4436,0.4781,NA,NA,-1.6258977952809839
Stock8,1974,2,1500,NA,NA,NA,NA,NA,NA,NA
Stock8,1975,2,2000,NA,NA,NA,NA,NA,NA,NA
Stock8,1976,2,6000,NA,NA,NA,NA,NA,NA,NA
Stock8,1977,2,1000,1165.541153,NA,0.4902,0.5098,NA,NA,0.15318548817962505
Stock8,1978,2,1000,NA,NA,NA,NA,NA,NA,NA
Stock8,1981,2.01,1007.272727,1502.016966,NA,0.716,0.2814,0.0026,0,0.39956244063399776
Stock8,1982,2.01,1007.272727,1058.150327,0.029,0.3616,0.6039,0.0055,0,0.049276001104179484
Stock8,1985,2.01,1813.090909,NA,NA,NA,NA,NA,NA,NA
Stock8,1986,2.01,705.0909091,NA,NA,NA,NA,NA,NA,NA
Stock8,1987,2.01,1208.727273,NA,NA,NA,NA,NA,NA,NA
Stock8,1988,2.01,1410.181818,NA,NA,NA,NA,NA,NA,NA
Stock8,1989,2.01,604.3636364,NA,NA,NA,NA,NA,NA,NA
Stock8,1991,2.04,1225.806452,NA,NA,NA,NA,NA,NA,NA
Stock8,1995,2.04,12258.06452,11205.97815,NA,0.815,0.1823,0.0027,0,-0.08973664925817829
Stock8,1997,2.04,8172.043011,7319.833041,0.0076,0.6491,0.3387,0.0046,NA,-0.11013142105084138
Stock8,1999,2.04,16344.08602,NA,NA,NA,NA,NA,NA,NA
Stock8,2000,2,3000,NA,NA,NA,NA,NA,NA,NA
Stock8,2001,2,9000,NA,NA,NA,NA,NA,NA,NA
Stock8,2002,2,4000,NA,NA,NA,NA,NA,NA,NA
Stock8,2003,2,10100,NA,NA,NA,NA,NA,NA,NA
Stock9,1954,NA,NA,NA,NA,NA,NA,NA,NA,NA
Stock9,1955,NA,NA,NA,NA,NA,NA,NA,NA,NA
Stock9,1956,NA,NA,2926.264022,NA,0.2666,0.7288,0.0046,0,NA
Stock9,1957,NA,NA,4297.372175,0.0053,0.4627,0.5298,0.0021,0,NA
Stock9,1958,NA,NA,3712.823263,0.0156,0.5674,0.4147,0.0024,0,NA
Stock9,1959,NA,NA,2978.644407,0.0207,0.4794,0.4947,0.0051,0,NA
Stock9,1960,4.11,923.9216685,4077.594034,0.0105,0.3423,0.6446,0.0026,0,1.484635102211717
Stock9,1961,4.11,2463.791116,4328.893977,0.0095,0.5669,0.4186,0.005,0,0.5636108090953589
Stock9,1962,4.11,2463.791116,5466.127566,0.0132,0.3097,0.67490000000000006,0.0021,0,0.7968691575964827
Stock9,1963,5.56,2225.523251,5497.594497,0.0091,0.63,0.3586,0.0023,0,0.9043185754259213
Stock9,1964,5.56,1669.142438,3998.267099,0.0251,0.4535,0.5189,0.0024,0,0.873551057643203
Stock9,1965,4.11,3285.054821,3693.211841,0.0146,0.5304,0.4514,0.0036,0,0.11711315699648642
Stock9,1966,4.11,1745.185374,3870.069387,0.0148,0.4002,0.5752,0.0098,0,0.796411654807477
Stock9,1967,4.11,3182.396858,8735.922219,0.0053,0.2418,0.748,0.0049,0,1.0098088736482607
Stock9,1968,4.11,1950.5013,13498.03807,0.0046,0.4536,0.5383,0.0035,0,1.9344579302749547
Stock9,1969,4.11,2463.791116,14887.94658,0.0121,0.4539,0.5328,0.0012,0,1.7988506634817725
Stock9,1970,4.11,1950.5013,10555.24659,0.0187,0.698,0.2822,0.001,0,1.6885366269547595
Stock9,1971,4.11,2463.791116,4717.452232,0.0445,0.5706,0.3768,0.008,0,0.6495676047800545
Stock9,1972,4.11,6980.741495,8534.497471,0.0097,0.2033,0.7857,0.0013,0,0.20096133338804623
Stock9,1973,4.11,6980.741495,8306.101852,0.0062,0.7581,0.2351,6e-4,0,0.1738352650867637
Stock9,1974,4.11,6980.741495,2654.516575,0.0656,0.6459,0.2866,0.0019,0,-0.9668925853716226
Stock9,1975,4.11,3901.0026,1681.525162,0.0311,0.4385,0.528,0.0024,0,-0.8415323809136201
Stock9,1976,4.11,1950.5013,1551.912466,0.0142,0.5429,0.438,0.0049,0,-0.22859839706287458
Stock9,1977,4.11,6980.741495,1951.552322,0.0128,0.327,0.658,0.0022,0,-1.2745300240574724
Stock9,1978,4.11,1950.5013,1951.086357,0.0097,0.6168,0.3705,0.003,0,2.9990714335763406e-4
Stock9,1979,4.11,862.3268906,1692.530987,0.0206,0.393,0.5786,0.0078,0,0.6743458908277958
Stock9,1980,4.11,923.9216685,3255.504915,0.0061,0.2866,0.7035,0.0038,0,1.2594753687310167
Stock9,1981,4.11,718.6057422,4258.19796,0.0065,0.5023,0.4866,0.0047,0,1.7792884702202454
Stock9,1982,4.11,1129.237595,5351.887454,0.0117,0.3605,0.6243,0.0035,0,1.5559065835054366
Stock9,1983,4.11,903.3900759,6347.485832,0.009,0.4935,0.494,0.0035,0,1.9496596436341505
Stock9,1984,4.68,1169.484183,6803.452685,0.0135,0.4278,0.5525,0.0062,0,1.7608674487484013
Stock9,1985,4.68,2338.968365,10870.99804,0.008,0.3258,0.6621,0.0041,0,1.5363885504257562
Stock9,1986,4.68,2338.968365,14445.0994,0.0072,0.4639,0.5198,0.0091,0,1.82064525266843
Stock9,1987,4.68,4677.936731,29829.08906,0.0067,0.2368,0.753,0.0035,0,1.852626917073056
Stock9,1988,4.68,2806.762038,39189.54069,0.0053,0.5365,0.4544,0.0037,0,2.6363783727673615
Stock9,1989,4.68,4210.143058,41554.38911,0.0148,0.3969,0.5846,0.0037,0,2.2895065224993707
Stock9,1990,4.68,7016.905096,49345.38873,0.0099,0.4637,0.525,0.0014,0,1.9505220700815973
Stock9,1991,4.68,7016.905096,36143.24878,0.0185,0.6629,0.315,0.0036,0,1.6391679241132642
Stock9,1992,4.68,18711.74692,33717.517,0.0209,0.3154,0.6614,0.0023,NA,0.5888659904182418
Stock9,1993,4.68,16372.77856,34610.24406,0.0092,0.6111,0.3797,NA,0,0.7485295974809577
Stock9,1994,4.68,25728.65202,NA,NA,NA,NA,NA,NA,NA
Stock9,1995,4.68,22804.94156,NA,NA,NA,NA,NA,NA,NA
Stock9,1996,4.68,8888.079788,29525.23182,NA,0.6392,0.3579,0.0029,0,1.200534184359005
Stock9,1997,4.68,17074.46907,24435.81371,0.0222,0.3937,0.5771,0.007,0,0.35846552019395844
Stock9,1998,4.68,18243.95325,43362.08815,0.0067,0.3105,0.6808,0.002,0,0.8657518180528959
Stock9,1999,NA,NA,42509.20346,0.0093,0.6482,0.3414,0.0011,0,NA
Stock9,2000,4.11,20695.84537,21976.61841,0.0359,0.5997,0.3615,0.0029,0,0.06004611527720544
Stock9,2001,4.11,12355.91245,18794.75383,0.021,0.4007,0.5739,0.0044,0,0.4194430898932019
Stock9,2002,4.11,16499.18784,24752.99025,0.0091,0.4126,0.5744,0.0039,0,0.4056351420216691
Stock9,2003,4.11,42295.08082,30108.12506,0.01,0.4415,0.5453,0.0032,0,-0.3398757157413629
Stock9,2004,4.11,20814.92861,32241.04812,0.0121,0.4744,0.5087,0.0048,0,0.4375699761326621
Stock9,2005,4.11,13320.8973,42334.19243,0.0107,0.3636,0.6231,0.0026,0,1.1562610634984187
Stock9,2006,4.11,14187.33051,43777.86948,0.0104,0.5629,0.4228,0.004,NA,1.1267790779417886
Stock9,2007,4.11,18560.55974,47309.11629,0.0153,0.3655,0.6192,NA,0,0.9356641250225249
Stock9,2008,4.11,22872.19419,NA,NA,NA,NA,NA,NA,NA
Stock9,2009,4.11,29089.16044,NA,NA,NA,NA,NA,NA,NA
Stock9,2010,4.11,45444.62713,33968.32753,NA,0.5517,0.4454,0.0029,0,-0.29106605144922904
Stock9,2011,4.11,27799.77643,30984.85996,0.0175,0.4485,0.531,0.003,NA,0.10847071821967347
Stock9,2012,4.11,45062.73951,31910.7314,0.0129,0.4858,0.5013,NA,NA,-0.34511336935147013
Stock9,2013,NA,NA,NA,NA,NA,NA,NA,NA,NA
Stock9,2014,4.2,29375.12401,NA,NA,NA,NA,NA,NA,NA
Stock9,2015,4.2,25359.12491,NA,NA,NA,NA,NA,NA,NA
Stock9,2016,4.2,24616.35392,NA,NA,NA,NA,NA,NA,NA
Stock9,2017,4.2,29857.71533,NA,NA,NA,NA,NA,NA,NA
Stock10,1954,NA,NA,NA,NA,NA,NA,NA,NA,NA
Stock10,1955,NA,NA,NA,NA,NA,NA,NA,NA,NA
Stock10,1956,NA,NA,1267.180996,NA,0.7052,0.2487,0.0461,NA,NA
Stock10,1957,NA,NA,NA,NA,NA,NA,NA,NA,NA
Stock10,1958,NA,NA,NA,NA,NA,NA,NA,NA,NA
Stock10,1959,NA,NA,NA,NA,NA,NA,NA,NA,NA
Stock10,1960,2,800,1089.037467,NA,0.4097,0.5262,0.0641,NA,0.308437799631874
Stock10,1961,2,400,NA,NA,NA,NA,NA,NA,NA
Stock10,1962,2,400,NA,NA,NA,NA,NA,NA,NA
Stock10,1963,NA,NA,NA,NA,NA,NA,NA,NA,NA
Stock10,1964,2,400,NA,NA,NA,NA,NA,NA,NA
Stock10,1965,2,800,NA,NA,NA,NA,NA,NA,NA
Stock10,1966,2,400,NA,NA,NA,NA,NA,NA,NA
Stock10,1968,2,400,NA,NA,NA,NA,NA,NA,NA
Stock10,1971,NA,NA,NA,NA,NA,NA,NA,NA,NA
Stock10,1972,NA,NA,NA,NA,NA,NA,NA,NA,NA
Stock10,1973,NA,NA,NA,NA,NA,NA,NA,NA,NA
Stock10,1974,NA,NA,NA,NA,NA,NA,NA,NA,NA
Stock10,1975,NA,NA,NA,NA,NA,NA,NA,NA,NA
Stock10,1976,NA,NA,NA,NA,NA,NA,NA,NA,NA
Stock10,1977,2,50,NA,NA,NA,NA,NA,NA,NA
Stock10,1978,2,150,NA,NA,NA,NA,NA,NA,NA
Stock10,1979,NA,NA,NA,NA,NA,NA,NA,NA,NA
Stock10,1980,2,200,NA,NA,NA,NA,NA,NA,NA
Stock10,1981,NA,NA,NA,NA,NA,NA,NA,NA,NA
Stock10,1982,NA,NA,NA,NA,NA,NA,NA,NA,NA
Stock10,1984,NA,NA,NA,NA,NA,NA,NA,NA,NA
Stock10,1985,2,4400,NA,NA,NA,NA,NA,NA,NA
Stock10,1986,NA,NA,NA,NA,NA,NA,NA,NA,NA
Stock10,1987,NA,NA,NA,NA,NA,NA,NA,NA,NA
Stock10,1990,2,1000,NA,NA,NA,NA,NA,NA,NA
Stock10,1994,NA,NA,NA,NA,NA,NA,NA,NA,NA
Stock10,1995,NA,NA,NA,NA,NA,NA,NA,NA,NA
Stock10,1996,NA,NA,542.3153282,NA,0.4635,0.3181,0.2184,0,NA
Stock10,1997,NA,NA,1282.779095,0.0011,0.1796,0.5478,0.2715,0,NA
Stock10,1998,NA,NA,3160.289163,4e-4,0.2974,0.6551,0.0471,0,NA
Stock10,1999,NA,NA,3736.303081,0.0014,0.7399,0.2362,0.0225,0,NA
Stock10,2000,1,231,2229.573362,0.007,0.5261,0.2226,0.2443,0,2.267147818140056
Stock10,2001,1,221,3962.07959,0.0017,0.1684,0.821,0.0089,0,2.886361613878198
Stock10,2002,1,978,4710.881252,8e-4,0.9238,0.0447,0.0307,0,1.5721206018096436
Stock10,2003,1,3377,1401.237497,0.0172,0.1976,0.6025,0.1827,0,-0.8796319687865527
Stock10,2004,1,1317,4555.611291,3e-4,0.252,0.3395,0.4082,0,1.2410033011418584
Stock10,2005,1,937,13361.2477,5e-4,0.1547,0.8266,0.0182,0,2.6574305512101355
Stock10,2006,1,5139,16753.01052,7e-4,0.881,0.0862,0.0321,0,1.181719466648339
Stock10,2007,1,245,5190.489726,0.0158,0.3663,0.6058,0.0121,0,3.0533251207011984
Stock10,2008,1,1200,6127.157226,0.0018,0.6958,0.0618,0.2406,0,1.6304093377921829
Stock10,2009,1,3047,9694.175073,0.0025,0.0522,0.9028,0.0425,0,1.1573676971905134
Stock10,2010,1,20804,14297.94482,2e-4,0.8201,0.1717,0.008,0,-0.37502946785463126
Stock10,2011,1,2366,3994.39754,0.0163,0.8083,0.168,0.0073,NA,0.5236919987856707
Stock10,2012,1,5476,NA,NA,NA,NA,NA,NA,NA
Stock10,2013,1,828,NA,NA,NA,NA,NA,NA,NA
Stock10,2014,1,13699,NA,NA,NA,NA,NA,NA,NA
Stock10,2015,1,4636,NA,NA,NA,NA,NA,NA,NA
Stock10,2016,1,1100,NA,NA,NA,NA,NA,NA,NA
Stock10,2017,1,357,NA,NA,NA,NA,NA,NA,NA
Stock11,1982,1,20000,59384.01106,0.0013,0.7505,0.2426,0.0056,0,1.0882927425066908
Stock11,1983,1,2000,20576.85537,0.0097,0.6,0.2159,0.1744,0,2.331019737879259
Stock11,1984,1,6000,54867.2375,0.001,0.0706,0.8941,0.0343,0,2.213156934302404
Stock11,1985,1,15000,68286.00904,3e-4,0.6212,0.3736,0.0049,0,1.5156546988099724
Stock11,1986,1,25000,27325.48943,0.0069,0.8013,0.1652,0.0265,0,0.08894412047040717
Stock11,1987,1,7500,17451.67401,0.0056,0.2239,0.5631,0.2074,0,0.8445325553101676
Stock11,1988,1,2500,58608.5752,3e-4,0.1457,0.8416,0.0125,0,3.1545902884739574
Stock11,1989,1,15000,52963.76508,7e-4,0.8044,0.1867,0.0082,0,1.2615578008998642
Stock11,1990,1,14000,14706.18285,0.0129,0.5738,0.3975,0.0158,0,0.049210677782004476
Stock11,1991,1,2000,10161.16091,0.0038,0.5017,0.3131,0.1815,0,1.6254255178581702
Stock11,1992,1,5000,28175.85209,8e-4,0.0979,0.8896,0.0117,0,1.729027389802848
Stock11,1993,1,16000,28335.0674,4e-4,0.7647,0.158,0.0769,0,0.5715114460625791
Stock11,1994,1,6000,33497.38824,0.0029,0.1152,0.8798,0.0021,NA,1.7197080035786196
Stock11,1995,1,1500,NA,NA,NA,NA,NA,NA,NA
Stock11,1996,1,1000,NA,NA,NA,NA,NA,NA,NA
Stock11,1997,1,9000,NA,NA,NA,NA,NA,NA,NA
Stock11,1998,1,3500,NA,NA,NA,NA,NA,NA,NA
Stock11,1999,1,13000,NA,NA,NA,NA,NA,NA,NA
Stock11,2000,1,500,NA,NA,NA,NA,NA,NA,NA
Stock11,2002,1,5887,NA,NA,NA,NA,NA,NA,NA
Stock11,2009,1,107,1473.851771,0.0102,0.2667,0.2785,0.4447,0,2.6228056708154406
Stock11,2010,1,48,10616.03654,2e-4,0.0337,0.8451,0.121,0,5.398920007072607
Stock11,2011,1,10273,25564.52618,1e-4,0.3033,0.681,0.0157,NA,0.9116866001929688
Stock11,2012,1,3688,NA,NA,NA,NA,NA,NA,NA
Stock11,2013,1,398,NA,NA,NA,NA,NA,NA,NA
Stock11,2014,1,438,NA,NA,NA,NA,NA,NA,NA
Stock11,2015,1,6888,NA,NA,NA,NA,NA,NA,NA
Stock11,2016,1,19797,NA,NA,NA,NA,NA,NA,NA
Stock11,2017,1,7240,NA,NA,NA,NA,NA,NA,NA
Stock12,1954,NA,NA,NA,NA,NA,NA,NA,NA,NA
Stock12,1955,NA,NA,NA,NA,NA,NA,NA,NA,NA
Stock12,1956,NA,NA,15349.59977,NA,0.4845,0.5155,0,0,NA
Stock12,1957,NA,NA,19024.69409,0.0036,0.5051,0.4913,0,0,NA
Stock12,1958,NA,NA,21414.37083,0.0041,0.5317,0.4642,0,0,NA
Stock12,1959,NA,NA,40343.68998,0.0026,0.3008,0.6967,0,0,NA
Stock12,1960,2.52,11352.21662,80145.32198,0.0014,0.4279,0.5707,0,0,1.9544284897623618
Stock12,1961,2.52,14884.01735,78045.93274,0.004,0.7124,0.2836,0,0,1.6570095584841367
Stock12,1962,2.19,17338.82088,43895.44356,0.0115,0.6099,0.3785,0,0,0.928862554310177
Stock12,1963,2.52,19929.44696,34288.43648,0.0072,0.5932,0.3996,0,0,0.5426097837504471
Stock12,1964,2.52,52439.67265,24372.54456,0.0076,0.6849,0.3075,0,0,-0.7662061406940813
Stock12,1965,2.19,87794.59992,15254.85167,0.01,0.5973,0.3927,0,0,-1.7501023996696103
Stock12,1966,2.19,39886.94555,10920.35586,0.0077,0.6701,0.3223,0,0,-1.2954205334651592
Stock12,1967,2.19,29450.83507,7471.15629,0.009,0.5733,0.4177,0,0,-1.371672486882944
Stock12,1968,2.19,24941.6477,6029.918445,0.0065,0.6323,0.3612,0,0,-1.4198055188573244
Stock12,1969,2.19,14221.11492,5654.95419,0.0062,0.4695,0.5243,0,0,-0.9221958176253534
Stock12,1970,2.19,11376.89194,6570.447757,0.0037,0.5513,0.445,0,0,-0.549002293477575
Stock12,1971,2.19,6563.591501,7156.233015,0.0046,0.4975,0.4979,0,0,0.08644578925256446
Stock12,1972,2.19,5797.839159,7143.401218,0.0046,0.6079,0.3875,0,0,0.20870373465000477
Stock12,1973,2.19,3938.154901,9905.027661,0.004,0.3408,0.6552,0,0,0.9223301583916699
Stock12,1974,2.19,5250.873201,14715.18822,0.0021,0.5385,0.4594,0,0,1.0304857858599636
Stock12,1975,2.19,5688.445968,24444.43794,0.003,0.3367,0.6603,0,0,1.457965608434483
Stock12,1976,2.19,6563.591501,28445.81136,0.0027,0.6918,0.3056,0,0,1.4664629835643581
Stock12,1977,2.19,5086.783413,26708.43524,0.0067,0.395,0.5982,0,0,1.658333753737168
Stock12,1978,2.19,11814.4647,28911.58997,0.0034,0.6758,0.3208,0,0,0.8949179489496402
Stock12,1979,2.19,12470.82385,16227.62709,0.0109,0.6913,0.2978,0,0,0.26332334159249104
Stock12,1980,2.19,29448.6472,26531.42718,0.0039,0.2235,0.7726,0,0,-0.10431801190679199
Stock12,1981,2.19,15971.40599,29943.02503,0.0018,0.836,0.1622,0,0,0.628496412493151
Stock12,1982,2.19,30120.3214,8532.247372,0.0262,0.6766,0.2972,0,0,-1.2613472799002152
Stock12,1983,2.19,19253.20174,9939.833445,0.0054,0.3175,0.677,0,0,-0.661127106567427
Stock12,1984,2.19,9517.207677,12575.26572,0.0023,0.6543,0.3434,0,0,0.27863035203803627
Stock12,1985,2.19,36318.53964,6868.365344,0.0109,0.7597,0.2294,0,0,-1.6654022080467779
Stock12,1986,2.19,8970.241718,9560.267929,0.005,0.202,0.7929,0,0,0.06370312962882611
Stock12,1987,2.19,5305.569797,16638.77394,0.0011,0.5575,0.4415,0,0,1.1429785773498373
Stock12,1988,2.19,10447.04981,17985.27774,0.0047,0.4959,0.4994,0,0,0.543233896177455
Stock12,1989,2.19,7679.402056,12823.0435,0.0064,0.8522,0.1415,0,0,0.5127021389762326
Stock12,1990,2.19,2691.072515,19243.85489,0.0052,0.115,0.8798,0,0,1.9672519646634523
Stock12,1991,2.19,13455.36258,36225.62671,6e-4,0.5723,0.4272,0,0,0.9903890571212756
Stock12,1992,2.19,10392.35321,21593.60839,0.0087,0.8663,0.125,0,NA,0.7313270955945674
Stock12,1993,2.19,13674.14896,6195.907429,0.0271,0.521,0.4518,NA,NA,-0.7916181311015157
Stock12,1994,2.19,3117.705963,NA,NA,NA,NA,NA,NA,NA
Stock12,1995,2.19,27457.69111,NA,NA,NA,NA,NA,NA,NA
Stock12,1996,2.19,23683.626,NA,NA,NA,NA,NA,NA,NA
Stock12,1997,2.19,3445.885538,NA,NA,NA,NA,NA,NA,NA
Stock12,1998,5,5377.838761,NA,NA,NA,NA,NA,NA,NA
Stock12,1999,NA,NA,NA,NA,NA,NA,NA,NA,NA
Stock12,2000,NA,NA,6875.204681,NA,0.5416,0.4584,0,0,NA
Stock12,2001,20.67,10335.6754,5783.055099,0.0059,0.6603,0.3338,0,0,-0.58066943486389
Stock12,2002,NA,NA,5625.491811,0.0062,0.4181,0.5757,0,0,NA
Stock12,2003,NA,NA,6602.472853,0.0033,0.5995,0.3972,0,0,NA
Stock12,2004,2.95,5909.777629,6841.140118,0.0053,0.4662,0.5285,0,0,0.14634619717897873
Stock12,2005,2.19,6268.229884,12291.94509,0.0024,0.3595,0.6381,0,0,0.6734501774902759
Stock12,2006,2.45,3547.915298,26697.61026,0.0015,0.3584,0.6401,0,0,2.018213867035369
Stock12,2007,2.19,6585.470139,34424.65308,0.0025,0.6044,0.3931,0,0,1.6539072389131242
Stock12,2008,2.19,5480.598903,29174.60274,0.0065,0.563,0.4305,0,0,1.6720841777705286
Stock12,2009,2.19,7530.627316,27252.40784,0.0055,0.5622,0.4322,0,0,1.2861635310670074
Stock12,2010,2.75,16034.95817,16650.87052,0.0084,0.8597,0.1319,0,0,0.03769127407002457
Stock12,2011,2.19,34784.84709,10558.35982,0.0124,0.2525,0.7351,0,NA,-1.1922639173667127
Stock12,2012,2.19,27604.27799,13091.04408,0.0019,0.7303,0.2679,NA,NA,-0.7460424219584508
Stock12,2013,3.02,27294.88032,NA,NA,NA,NA,NA,NA,NA
Stock12,2014,2.75,24370.49284,NA,NA,NA,NA,NA,NA,NA
Stock12,2015,10.65,4684.700281,NA,NA,NA,NA,NA,NA,NA
Stock12,2016,2.35,15931.17915,NA,NA,NA,NA,NA,NA,NA
Stock12,2017,31.02,7754.456666,NA,NA,NA,NA,NA,NA,NA
Stock13,1982,2.78,2780.19158,4210.159398,0,0.7682,0.2318,0,0,0.4149806697380988
Stock13,1983,2.78,5560.38316,4217.879167,0,0.7287,0.2713,0,0,-0.2763345848999623
Stock13,1984,2.78,16125.11117,5330.112577,0,0.676,0.324,0,0,-1.1070053975785692
Stock13,1985,2.78,16681.14948,6001.506552,0,0.9062,0.0938,0,0,-1.022268778515493
Stock13,1986,2.78,2780.19158,2374.717541,0,0.7465,0.2535,0,0,-0.15764133868857708
Stock13,1987,2.78,2780.19158,2239.967203,0,0.8463,0.1537,0,NA,-0.21605861475526936
Stock13,1988,2.78,2780.19158,1743.927631,0,0.6216,0.3784,NA,0,-0.4663800103576056
Stock13,1989,2.78,3614.249054,NA,NA,NA,NA,NA,NA,NA
Stock13,1990,2.78,1473.501538,NA,NA,NA,NA,NA,NA,NA
Stock13,1991,2.78,1473.501538,NA,NA,NA,NA,NA,NA,NA
Stock13,1992,2.78,834.0574741,NA,NA,NA,NA,NA,NA,NA
Stock13,1993,2.78,1112.076632,NA,NA,NA,NA,NA,NA,NA
Stock13,1995,2.78,5004.344844,NA,NA,NA,NA,NA,NA,NA
Stock13,2001,2.78,4170.28737,22419.13343,0,0.9129,0.0871,0,0,1.6819298181413704
Stock13,2002,2.78,1529.105369,19381.79767,0,0.3172,0.6828,0,0,2.5396515229491428
Stock13,2003,2.78,7245.179258,45180.43906,0,0.9225,0.0775,0,0,1.8303279112378612
Stock13,2004,2.78,2752.389664,24884.10057,0,0.4433,0.5567,0,0,2.2017595651264044
Stock13,2005,2.78,7701.130677,46669.03808,0,0.9348,0.0652,0,0,1.8017137894017452
Stock13,2006,2.78,2251.95518,26464.65592,0,0.3622,0.6378,0,0,2.4640112961326
Stock13,2007,2.78,19739.36022,65928.38856,0,0.8064,0.1936,0,0,1.2059545080001726
Stock13,2008,2.78,9424.849457,56497.54793,0,0.7116,0.2884,0,0,1.790847477267171
Stock13,2009,2.78,25894.70438,64315.64253,0,0.7979,0.2021,0,0,0.9097643921335269
Stock13,2010,2.78,5763.337146,68291.82252,0,0.5995,0.4005,0,0,2.472273358000004
Stock13,2011,2.78,32781.23892,94631.76572,0,0.9102,0.0898,0,NA,1.060136841946626
Stock13,2012,2.78,20551.17616,32443.82681,0,0.8253,0.1747,NA,NA,0.45659201470508287
Stock13,2013,2.78,27899.22251,NA,NA,NA,NA,NA,NA,NA
Stock13,2014,2.78,20831.97551,NA,NA,NA,NA,NA,NA,NA
Stock13,2015,2.78,55448.14088,NA,NA,NA,NA,NA,NA,NA
Stock13,2016,2.78,22936.58054,NA,NA,NA,NA,NA,NA,NA
Stock13,2017,2.78,14562.6435,NA,NA,NA,NA,NA,NA,NA
Stock14,1954,NA,NA,NA,NA,NA,NA,NA,NA,NA
Stock14,1955,NA,NA,NA,NA,NA,NA,NA,NA,NA
Stock14,1956,NA,NA,1858.136835,NA,0.4859,0.512,0.0021,0,NA
Stock14,1957,NA,NA,1542.253831,0.0169,0.5662,0.4133,0.0035,0,NA
Stock14,1958,NA,NA,1547.772829,0.0167,0.3857,0.5953,0.0024,0,NA
Stock14,1959,NA,NA,1523.069844,0.0115,0.5619,0.4126,0.014,0,NA
Stock14,1960,2,1500,4321.223171,0.0059,0.1377,0.8491,0.0073,0,1.0580733955060684
Stock14,1961,2,1500,8895.589877,0.002,0.39,0.6078,2e-4,0,1.780090526381399
Stock14,1962,2,1000,5346.907834,0.0187,0.9264,0.0512,0.0036,0,1.6765184188627344
Stock14,1963,2,1600,3616.855159,0.0396,0.0694,0.8891,0.0019,0,0.8156012784103959
Stock14,1964,2,1000,4370.842231,0.0018,0.7146,0.2811,0.0026,0,1.4749557207433681
Stock14,1965,2,6000,3061.285046,0.0292,0.3647,0.603,0.0032,0,-0.6729246917447476
Stock14,1966,2,8000,3472.769983,0.0097,0.508,0.481,0.0013,0,-0.8344890001716727
Stock14,1967,2,400,2364.37984,0.0216,0.6492,0.3227,0.0066,0,1.7768064953298204
Stock14,1968,2,5000,3440.015028,0.0133,0.2096,0.7728,0.0042,0,-0.3739620724536846
Stock14,1969,2,1944,5034.809864,0.0043,0.5003,0.4953,1e-4,NA,0.9516280565592634
Stock14,1970,2,3000,2464.018482,0.0294,0.9225,0.0481,NA,0,-0.19681874221327905
Stock14,1971,2,2600,NA,NA,NA,NA,NA,NA,NA
Stock14,1972,2,1200,NA,NA,NA,NA,NA,NA,NA
Stock14,1973,2,4000,6084.573777,NA,0.1215,0.8771,0.0014,0,0.41946231800192296
Stock14,1974,2,3600,6436.306824,0.0034,0.7736,0.2228,2e-4,0,0.581021055620622
Stock14,1975,2,200,1532.128425,0.0871,0.7959,0.1101,0.0069,0,2.0360958085680836
Stock14,1976,NA,NA,2149.377459,0.0181,0.0793,0.8993,0.0034,0,NA
Stock14,1977,2,1200,3099.176446,0.0016,0.5887,0.3992,0.0105,0,0.9488148568219462
Stock14,1978,2,8000,6728.370873,0.008,0.1725,0.8189,5e-4,0,-0.17310849671751102
Stock14,1979,2,2200,5778.04394,0.0059,0.8932,0.1,9e-4,0,0.9656078463583689
Stock14,1980,2,280,1454.09613,0.0939,0.3336,0.5584,0.0141,0,1.6473501669065826
Stock14,1981,2,3000,4755.434003,0.0033,0.1776,0.8148,0.0042,0,0.46067567613993426
Stock14,1982,2,2000,7097.908147,0.0035,0.5111,0.4827,0.0027,NA,1.2666529328931104
Stock14,1983,2,10000,6480.134569,0.0163,0.4893,0.4944,NA,0,-0.4338438160245021
Stock14,1984,2,1000,NA,NA,NA,NA,NA,NA,NA
Stock14,1985,2,1200,NA,NA,NA,NA,NA,NA,NA
Stock14,1986,2,6000,2823.640936,NA,0.6886,0.293,0.0184,0,-0.7537323049897455
Stock14,1987,2,6000,9743.9406,0.0059,0.0798,0.9067,0.0076,NA,0.4848861456617918
Stock14,1988,2,4000,21159.0046,0.0011,0.3953,0.6036,NA,NA,1.665771203175816
Stock14,1989,NA,NA,NA,NA,NA,NA,NA,NA,NA
Stock14,1990,2,3000,NA,NA,NA,NA,NA,NA,NA
Stock14,1991,2,1200,NA,NA,NA,NA,NA,NA,NA
Stock14,1992,2,10000,NA,NA,NA,NA,NA,NA,NA
Stock14,1993,2,15000,NA,NA,NA,NA,NA,NA,NA
Stock14,1996,NA,NA,NA,NA,NA,NA,NA,NA,NA
Stock14,1997,NA,NA,NA,NA,NA,NA,NA,NA,NA
Stock14,1998,NA,NA,9994.743475,NA,0.4473,0.5504,0.0023,0,NA
Stock14,1999,NA,NA,9009.45727,0.0144,0.5625,0.4205,0.0026,0,NA
Stock14,2000,NA,NA,7587.288646,0.0196,0.4641,0.5131,0.0032,0,NA
Stock14,2001,NA,NA,7916.745267,0.0132,0.4636,0.5216,0.0016,0,NA
Stock14,2002,2,7072,6097.226501,0.0177,0.6314,0.3508,1e-4,0,-0.14830932951793033
Stock14,2003,2,9106,2187.199806,0.0499,0.8801,0.0652,0.0048,0,-1.4263114386229248
Stock14,2004,2,6332,2010.092928,0.0289,0.0678,0.8986,0.0047,0,-1.147435188180665
Stock14,2005,2,6888,3416.296898,0.0012,0.5087,0.4858,0.0043,0,-0.7012235810414772
Stock14,2006,2,6116,4061.31026,0.0125,0.3782,0.6062,0.0032,0,-0.4094026423794768
Stock14,2007,2,3800,4542.755267,0.01,0.5085,0.4793,0.0023,0,0.17853264824387763
Stock14,2008,2,280,3815.496061,0.0177,0.529,0.4503,0.003,0,2.6120363611919326
Stock14,2009,2,3400,3652.806516,0.0162,0.4381,0.5373,0.0084,NA,0.07172034900674391
Stock14,2010,2,2980,7185.418875,0.0067,0.2601,0.7332,NA,0,0.8801305158530036
Stock14,2011,2,4418,NA,NA,NA,NA,NA,NA,NA
Stock14,2012,2,3940,NA,NA,NA,NA,NA,NA,NA
Stock14,2013,2,3320,NA,NA,NA,NA,NA,NA,NA
Stock14,2014,2,3628,NA,NA,NA,NA,NA,NA,NA
Stock14,2015,2,9818,NA,NA,NA,NA,NA,NA,NA
Stock14,2017,2,8942,NA,NA,NA,NA,NA,NA,NA
Stock15,1975,NA,NA,NA,NA,NA,NA,NA,NA,NA
Stock15,1976,NA,NA,NA,NA,NA,NA,NA,NA,NA
Stock15,1977,NA,NA,NA,NA,NA,NA,NA,NA,NA
Stock15,1978,NA,NA,538877.4449,NA,0.3407,0.5656,0.0937,0,NA
Stock15,1979,NA,NA,453253.9884,0.003,0.3006,0.5164,0.18,0,NA
Stock15,1980,NA,NA,531030.9482,0.0019,0.1978,0.7155,0.0847,0,NA
Stock15,1981,NA,NA,431203.1113,0.0018,0.3951,0.4855,0.1176,0,NA
Stock15,1982,1,250000,371879.2363,0.0034,0.252,0.6332,0.1114,0,0.39710825010385487
Stock15,1983,1,170000,325215.2267,0.0021,0.325,0.5932,0.0796,0,0.6486887620979771
Stock15,1984,1,140000,249520.3571,0.0031,0.3463,0.4824,0.1682,0,0.5778980808370232
Stock15,1985,1,288663,356162.436,0.0018,0.1517,0.5489,0.2976,0,0.21012698995129983
Stock15,1986,1,115543,819831.351,5e-4,0.1071,0.6021,0.2904,0,1.9594558945434408
Stock15,1987,1,143989,1544617.239,4e-4,0.1433,0.717,0.1394,0,2.372794509121885
Stock15,1988,1,116984,1554736.512,0.0011,0.3191,0.6435,0.0363,0,2.587024191287055
Stock15,1989,1,50000,829355.1044,0.0044,0.539,0.3153,0.1412,0,2.808625410704429
Stock15,1990,1,120954,782044.6778,0.0043,0.1499,0.6968,0.149,0,1.8665015636235298
Stock15,1991,1,250000,868497.9426,0.001,0.2822,0.6262,0.0906,0,1.24530429890419
Stock15,1992,1,592118,671113.7511,0.0027,0.3627,0.5444,0.0902,0,0.12523270799730601
Stock15,1993,1,400000,545749.4861,0.0033,0.3,0.5154,0.1813,0,0.3106955066816829
Stock15,1994,1,158010,643713.9616,0.0019,0.1962,0.7159,0.0861,0,1.4045961462669063
Stock15,1995,1,205853,520459.8237,0.0018,0.397,0.4951,0.1062,0,0.9275503753511857
Stock15,1996,1,182082,518710.938,0.003,0.2224,0.4948,0.2798,0,1.0468896334083215
Stock15,1997,1,158687,898397.944,0.001,0.1283,0.7528,0.1179,0,1.7336794062955598
Stock15,1998,1,163925,881522.8744,0.001,0.344,0.5587,0.0964,0,1.682241944755986
Stock15,1999,1,180350,668710.7557,0.0034,0.3294,0.5896,0.0777,0,1.3104522060733292
Stock15,2000,1,137042,474504.6457,0.0035,0.3725,0.5091,0.115,0,1.2419839605407232
Stock15,2001,1,116192,416371.4581,0.0032,0.2602,0.6098,0.1269,0,1.2763337947311777
Stock15,2002,1,332442,395864.4496,0.002,0.2879,0.6213,0.0888,0,0.17460644487697097
Stock15,2003,1,196852,326500.999,0.0026,0.3375,0.5002,0.1596,0,0.5059808310777001
Stock15,2004,1,140923,354104.8124,0.0023,0.2069,0.6847,0.1061,0,0.9213793076158013
Stock15,2005,1,142858,326275.614,0.0017,0.3334,0.536,0.1289,0,0.8258913359911311
Stock15,2006,1,146954,316009.0826,0.0026,0.2479,0.6185,0.131,0,0.7656513429415498
Stock15,2007,1,104308,332764.2674,0.0018,0.2635,0.5793,0.1554,0,1.1600862727042196
Stock15,2008,1,150383,365045.0512,0.0018,0.2367,0.6589,0.1025,0,0.8868354006988373
Stock15,2009,1,168404,337189.1668,0.0019,0.3198,0.5162,0.1621,0,0.69427824418873
Stock15,2010,1,159120,355649.0094,0.0023,0.2194,0.7144,0.064,0,0.8042856813072797
Stock15,2011,1,167524,244267.0866,0.0024,0.4663,0.4332,0.0982,NA,0.37713561926662303
Stock15,2012,1,144923,NA,NA,NA,NA,NA,NA,NA
Stock15,2013,1,170376,NA,NA,NA,NA,NA,NA,NA
Stock15,2014,1,144920,NA,NA,NA,NA,NA,NA,NA
Stock15,2015,1,185917,NA,NA,NA,NA,NA,NA,NA
Stock15,2016,1,109868,NA,NA,NA,NA,NA,NA,NA
Stock15,2017,1,119088,NA,NA,NA,NA,NA,NA,NA
Stock16,1954,NA,NA,NA,NA,NA,NA,NA,NA,NA
Stock16,1955,NA,NA,10774.93637,NA,NA,0.5122,0.4878,0,NA
Stock16,1956,NA,NA,10885.93576,NA,0.0174,0.6639,0.3186,0,NA
Stock16,1957,NA,NA,5702.984148,0,0.0432,0.8288,0.128,0,NA
Stock16,1958,NA,NA,6690.867168,0,0.0252,0.1555,0.8193,0,NA
Stock16,1959,NA,NA,17279.21511,0,0.0022,0.4545,0.5434,0,NA
Stock16,1960,1.2,4197.430047,21950.32373,0,0.0124,0.5925,0.3951,0,1.654309443497164
Stock16,1961,1.2,5996.328638,18471.6527,0,0.0244,0.6492,0.3265,0,1.1250898821681985
Stock16,1962,1.2,3597.797183,12806.21476,0,0.0325,0.6535,0.314,0,1.2696088166522745
Stock16,1963,1.2,1199.265728,9261.939467,0,0.0317,0.608,0.3603,0,2.0442039962302556
Stock16,1964,1.2,5996.328638,14723.28315,0,0.0136,0.3231,0.6633,0,0.8982827402344543
Stock16,1965,1.2,11992.65728,21554.49124,0,0.0078,0.6378,0.3544,0,0.5862896358726437
Stock16,1966,1.2,7195.594366,15123.63163,0,0.0311,0.6903,0.2786,0,0.7427895839527783
Stock16,1967,1.2,4077.503474,8992.34439,0,0.0403,0.6497,0.3101,0,0.7908886845122569
Stock16,1968,1.2,3597.797183,8236.610228,0,0.0252,0.4812,0.4936,0,0.8282671146166318
Stock16,1969,1.2,3957.576901,6235.131247,0,0.0223,0.9152,0.0624,0,0.45456768465437075
Stock16,1970,2.4,11273.09784,806.144031,0,0.2023,0.5515,0.2462,0,-2.6379120190986094
Stock16,1971,2.4,7915.153803,1865.981172,0,0.0104,0.1846,0.805,0,-1.4449921126403684
Stock16,1972,2.4,4317.35662,3474.949838,0,0.0035,0.6092,0.3873,0,-0.21706327764960456
Stock16,1973,2.4,2398.531455,3582.982564,0,0.0203,0.5169,0.4628,0,0.4013389156773139
Stock16,1974,2.4,2878.237746,3423.171662,0,0.019,0.6789,0.3022,0,0.17338929475252374
Stock16,1975,2.4,539.6695775,3973.777159,0,0.0205,0.3637,0.6158,0,1.9965152880471726
Stock16,1976,2.4,239.8531455,11590.01539,0,0.0044,0.3003,0.6952,0,3.87787242189316
Stock16,1977,2.4,1439.118873,20114.93228,0,0.0061,0.5597,0.4342,0,2.637431406199749
Stock16,1978,2.4,1199.265728,20319.17678,0,0.0192,0.5937,0.3872,0,2.8298556329168467
Stock16,1979,2.4,1678.972019,15822.98264,0,0.0265,0.6906,0.2829,0,2.2432817679195796
Stock16,1980,2.4,959.4125822,13220.20095,0,0.0289,0.4727,0.4984,0,2.6231801101070493
Stock16,1981,2.4,2398.531455,16591.15053,0,0.0134,0.5647,0.4219,0,1.9340127962909228
Stock16,1982,2.4,7195.594366,13023.40734,0,0.0249,0.7434,0.2317,0,0.5932793578760596
Stock16,1983,2.4,9594.125822,14698.85522,0,0.0231,0.2878,0.6891,0,0.42661859691283793
Stock16,1984,2.4,7195.594366,22523.47138,0,0.0067,0.64,0.3534,0,1.1410889928009444
Stock16,1985,2.4,4797.062911,54338.2931,0,0.0093,0.2045,0.7863,0,2.427225354932674
Stock16,1986,2.4,7195.594366,99046.74328,0,0.0039,0.6069,0.3891,0,2.622122947920635
Stock16,1987,2.4,9594.125822,79928.45616,0,0.0258,0.66,0.3142,NA,2.119980918901986
Stock16,1988,2.4,2398.531455,NA,NA,NA,NA,NA,NA,NA
Stock16,1989,2.4,13431.77615,NA,NA,NA,NA,NA,NA,NA
Stock16,1990,1.2,7195.594366,120096.7037,0,NA,0.5761,0.4239,0,2.8148283372869263
Stock16,1991,1.2,47970.62911,113937.6124,NA,0.0208,0.6122,0.3669,0,0.8650621088611858
Stock16,1992,1.2,32380.17465,65585.31869,0,0.0367,0.8777,0.0856,0,0.7058055284491428
Stock16,1993,1.2,26383.84601,17495.44362,0,0.1068,0.4165,0.4766,0,-0.4108114468510974
Stock16,1994,NA,NA,16451.43815,0,0.0171,0.7807,0.2022,0,NA
Stock16,1995,1.2,41974.30047,7908.845611,0,0.0547,0.5662,0.3791,NA,-1.6690757067545683
Stock16,1996,1.2,49169.89484,NA,NA,NA,NA,NA,NA,NA
Stock16,1997,1.2,28782.37746,NA,NA,NA,NA,NA,NA,NA
Stock16,1998,1.2,7195.594366,14515.09339,0,NA,0.6447,0.3553,NA,0.7017200863620524
Stock16,1999,1.2,17988.98592,NA,NA,NA,NA,NA,NA,NA
Stock16,2000,1.2,3597.797183,NA,NA,NA,NA,NA,NA,NA
Stock16,2001,1.2,4797.062911,18624.20755,0,NA,0.5262,0.4738,0,1.3564583786205162
Stock16,2002,NA,NA,19194.92842,NA,0.0176,0.6321,0.3503,0,NA
Stock16,2003,1.2,11992.65728,16649.39969,0,0.0253,0.5608,0.4139,0,0.3280795919502743
Stock16,2004,1.2,9294.30939,12300.9514,0,0.0266,0.7831,0.1904,0,0.28027428965297846
Stock16,2005,NA,NA,6303.591315,0,0.0521,0.5063,0.4416,0,NA
Stock16,2006,1.2,9896.340785,8449.744671,0,0.0138,0.4797,0.5065,0,-0.1580288466754741
Stock16,2007,1.2,16070.16075,9814.896144,0,0.0145,0.6098,0.3757,0,-0.4930629364934053
Stock16,2008,1.2,10793.39155,14194.75856,0,0.0148,0.3635,0.6218,0,0.27393872764595123
Stock16,2009,1.2,13737.58891,24799.26319,0,0.0073,0.5018,0.4908,0,0.590678150874628
Stock16,2010,1.2,4419.294207,26351.71833,0,0.0164,0.6405,0.3431,0,1.7855534829609598
Stock16,2011,1.2,5525.017207,19862.65585,0,0.0294,0.6286,0.3421,NA,1.2795550164882488
Stock16,2012,1.2,8035.080376,NA,NA,NA,NA,NA,NA,NA
Stock16,2013,1.2,7760.448524,NA,NA,NA,NA,NA,NA,NA
Stock16,2014,1.2,17269.42648,NA,NA,NA,NA,NA,NA,NA
Stock16,2015,1.2,24879.96679,NA,NA,NA,NA,NA,NA,NA
Stock16,2016,1.2,16957.61739,NA,NA,NA,NA,NA,NA,NA
Stock16,2017,1.2,16438.33533,NA,NA,NA,NA,NA,NA,NA
Stock17,1964,NA,NA,NA,NA,NA,NA,NA,NA,NA
Stock17,1965,NA,NA,NA,NA,NA,NA,NA,NA,NA
Stock17,1966,NA,NA,NA,NA,NA,NA,NA,NA,NA
Stock17,1967,NA,NA,NA,NA,NA,NA,NA,NA,NA
Stock17,1968,NA,NA,9561.51639,NA,0.0725,0.9275,NA,0,NA
Stock17,1969,NA,NA,NA,NA,NA,NA,NA,NA,NA
Stock17,1970,2,1600,NA,NA,NA,NA,NA,NA,NA
Stock17,1971,NA,NA,NA,NA,NA,NA,NA,NA,NA
Stock17,1972,2,600,NA,NA,NA,NA,NA,NA,NA
Stock17,1973,2,6000,NA,NA,NA,NA,NA,NA,NA
Stock17,1975,2,66,NA,NA,NA,NA,NA,NA,NA
Stock17,1981,NA,NA,NA,NA,NA,NA,NA,NA,NA
Stock17,1982,NA,NA,NA,NA,NA,NA,NA,NA,NA
Stock17,1983,NA,NA,1363.029828,NA,0.8963,0.1017,0.002,0,NA
Stock17,1984,NA,NA,584.9067603,0.0581,0.209,0.7322,8e-4,0,NA
Stock17,1985,NA,NA,507.5204935,0.0074,0.8279,0.1596,0.005,0,NA
Stock17,1986,NA,NA,515.8942769,0.0235,0.1439,0.8239,0.0087,0,NA
Stock17,1987,2,1500,1194.277451,0.0019,0.3423,0.6533,0.0025,NA,-0.22792374910994273
Stock17,1988,2,100,1243.068085,0.0096,0.5838,0.4066,NA,NA,2.5201676787610743
Stock17,1989,2,400,NA,NA,NA,NA,NA,NA,NA
Stock17,1990,2,60,NA,NA,NA,NA,NA,NA,NA
Stock17,1991,2,300,NA,NA,NA,NA,NA,NA,NA
Stock17,1992,2,500,516.8505772,NA,0.3004,0.6944,0.0051,0,0.03314571535669719
Stock17,1993,2,400,788.3595166,0.0058,0.4244,0.5675,0.0024,0,0.6784896780444761
Stock17,1994,NA,NA,738.9842492,0.0132,0.5609,0.4219,0.004,0,NA
Stock17,1995,NA,NA,807.4781605,0.0151,0.3612,0.622,0.0016,0,NA
Stock17,1996,2,100,698.936936,0.0123,0.6744,0.3124,9e-4,0,1.9443903318608862
Stock17,1997,2,220,313.5181646,0.0418,0.6139,0.3163,0.028,0,0.354229753349896
Stock17,1998,2,500,1696.224968,0.0036,0.0585,0.9362,0.0018,0,1.2215523553593388
Stock17,1999,2,500,2004.864544,0.0015,0.743,0.2549,6e-4,0,1.3887236799340146
Stock17,2000,2,400,693.6857528,0.0596,0.6484,0.2911,9e-4,0,0.5505545050876468
Stock17,2001,2,200,314.7714804,0.0427,0.6078,0.3443,0.0052,0,0.45352954995722555
Stock17,2002,2,100,399.3553215,0.0146,0.2622,0.7218,0.0014,0,1.3846813646903053
Stock17,2003,2,2000,366.7960275,0.0084,0.73740000000000006,0.2501,0.0041,0,-1.6960965493710909
Stock17,2004,2,600,344.1519594,0.0228,0.2449,0.7255,0.0069,0,-0.5558463529403562
Stock17,2005,2,290,652.1787944,0.0039,0.3651,0.6247,0.0064,NA,0.8104378258933338
Stock17,2006,2,120,1094.394449,0.0064,0.3494,0.6442,NA,NA,2.2104647318877038
Stock17,2007,2,300,NA,NA,NA,NA,NA,NA,NA
Stock17,2008,2,100,NA,NA,NA,NA,NA,NA,NA
Stock17,2009,2,410,NA,NA,NA,NA,NA,NA,NA
Stock17,2010,2,592,NA,NA,NA,NA,NA,NA,NA
Stock17,2011,2,880,NA,NA,NA,NA,NA,NA,NA
Stock17,2012,NA,NA,NA,NA,NA,NA,NA,NA,NA
Stock17,2013,NA,NA,NA,NA,NA,NA,NA,NA,NA
Stock17,2014,NA,NA,NA,NA,NA,NA,NA,NA,NA
Stock17,2017,2,1124,NA,NA,NA,NA,NA,NA,NA
Stock18,1960,1,33540.68182,101159.0257,0.1857,0.6507,0.1636,0,0,1.1039347057268485
Stock18,1961,1,58587.90885,64899.91308,0.1465,0.5286,0.3249,0,0,0.10231794274242015
Stock18,1962,1,37325.95245,72196.89103,0.0522,0.3276,0.6201,0,0,0.6597081235961543
Stock18,1963,1,63954.95098,99418.75558,0.0883,0.4662,0.4455,0,0,0.44116183921613167
Stock18,1964,1,119865.9221,38364.50573,0.0411,0.1806,0.7783,0,0,-1.1392411000966258
Stock18,1965,1,31037.05147,61636.14433,0.0337,0.7077,0.2585,0,0,0.6860667575663364
Stock18,1966,1,21463,67517.99134,0.1482,0.4836,0.3681,0,0,1.1460635783342858
Stock18,1967,1,31742,142496.2926,0.0514,0.2576,0.691,0,0,1.501675257442789
Stock18,1968,1,22284,147327.3661,0.0147,0.2311,0.7542,0,0,1.8887881588470978
Stock18,1969,1,43526,339791.9357,0.0782,0.3987,0.5231,0,0,2.0549750157746365
Stock18,1970,1,28978,168748.3916,0.1622,0.563,0.2748,0,0,1.7618718770494268
Stock18,1971,1,30443,241608.2837,0.1395,0.5932,0.2673,0,0,2.0714616696398136
Stock18,1972,1,73911,174488.8343,0.1155,0.2194,0.6652,0,0,0.8589990861016065
Stock18,1973,1,100183,188924.2477,0.1091,0.5367,0.3542,0,0,0.6343476153172942
Stock18,1974,1,96197,65998.79453,0.0741,0.3104,0.6155,0,0,-0.3767616949915583
Stock18,1975,1,97498.63687,481555.457,0.0548,0.6757,0.2695,0,0,1.5971830030136867
Stock18,1976,1,50192,157207.3333,0.0869,0.2179,0.6951,0,0,1.1417098769498244
Stock18,1977,1,89757,1410768.387,0.0226,0.5991,0.3783,0,0,2.754783771501187
Stock18,1978,1,27964,338188.4788,0.1393,0.3234,0.5373,0,0,2.492685401001476
Stock18,1979,1,135745,345826.5994,0.036,0.309,0.655,0,0,0.9351593659095196
Stock18,1980,1,57655,1325787.878,0.0449,0.3158,0.6393,0,0,3.135285213383565
Stock18,1981,1,256141,752904.3525,0.0538,0.5854,0.3608,0,0,1.078210123714335
Stock18,1982,1,122051.6162,607554.7936,0.0301,0.2451,0.7247,0,0,1.6049983275085151
Stock18,1983,1,112844.6413,636341.1851,0.0377,0.5339,0.4284,0,0,1.729722857080763
Stock18,1984,1,219484.2079,1208450.225,0.2038,0.5532,0.243,0,0,1.7058137277317613
Stock18,1985,1,216567.6108,468981.0633,0.0472,0.3364,0.6164,0,0,0.7726596021126196
Stock18,1986,1,132930.3406,826557.0178,0.0306,0.1762,0.7932,0,0,1.8274436658083892
Stock18,1987,1,302165.9726,515028.1589,0.0343,0.4672,0.4985,0,0,0.5332451320869017
Stock18,1988,1,173803.3538,1120768.819,0.111,0.195,0.694,0,0,1.863845664790792
Stock18,1989,1,106907.5697,740596.7037,0.0543,0.581,0.3647,0,0,1.9354915910565758
Stock18,1990,1,127099.656,786814.0305,0.0361,0.1201,0.8438,0,0,1.823020447053377
Stock18,1991,1,224976.0984,1604836.873,0.0333,0.4485,0.5182,0,0,1.9647832264102745
Stock18,1992,1,198087.2925,1928451.405,0.0869,0.5835,0.3297,0,0,2.275764774238622
Stock18,1993,1,251782.5651,356581.8816,0.0387,0.5621,0.3992,0,0,0.347998017240296
Stock18,1994,1,136482.421,26253.78494,0.0639,0.3816,0.5545,0,0,-1.6483856556148833
Stock18,1995,1,243069.007,207375.1941,0.0444,0.5842,0.3713,0,0,-0.15881569795418843
Stock18,1996,1,210609.3275,964929.3439,0.0328,0.6623,0.3049,0,0,1.5220499910593317
Stock18,1997,1,120916.4976,123839.4421,0.0232,0.2026,0.7742,0,0,0.023885699937731632
Stock18,1998,1,62357,348022.6805,0.0187,0.3013,0.68,0,0,1.7193917162303511
Stock18,1999,1,128989.3909,113818.7054,0.0287,0.6763,0.295,0,0,-0.1251232808835802
Stock18,2000,1,130236.4941,220537.577,0.1072,0.56,0.3328,0,0,0.5267161144745361
Stock18,2001,1,99115.74243,239657.1259,0.0086,0.3742,0.6172,0,0,0.8829209770706961
Stock18,2002,1,95248.95855,790118.8795,0.0328,0.5353,0.4319,0,0,2.11568933443101
Stock18,2003,1,147068.1326,117028.7675,0.0543,0.171,0.7747,0,0,-0.22847618583304374
Stock18,2004,1,102159.9423,495959.4152,0.0187,0.7069,0.2744,0,0,1.579954452259786
Stock18,2005,1,128931,111660.1115,0.048,0.359,0.593,0,0,-0.14381783909061938
Stock18,2006,1,174653.8622,228714.4322,0.0263,0.4482,0.5255,0,0,0.26966811946539815
Stock18,2007,1,170675.1421,404288.4762,0.0602,0.334,0.6058,0,0,0.8623666772682089
Stock18,2008,1,139316.3535,305431.6413,0.0486,0.901,0.0504,0,0,0.7849787219101765
Stock18,2009,1,130985.5698,204207.0432,0.1482,0.0847,0.7671,0,0,0.4440472338753106
Stock18,2010,1,119148,245472.1027,0.0077,0.717,0.2752,0,0,0.722816888314997
Stock18,2011,1,151767.6622,144968.4731,0.1336,0.5236,0.3428,0,NA,-0.04583452139875666
Stock18,2012,1,110011.9483,128837.4008,0.0648,0.4334,0.5018,NA,NA,0.15796216959776968
Stock18,2013,1,30151,NA,NA,NA,NA,NA,NA,NA
Stock18,2014,1,78550.215,NA,NA,NA,NA,NA,NA,NA
Stock18,2015,1,66027.41866,NA,NA,NA,NA,NA,NA,NA
Stock18,2016,1,69562.71284,NA,NA,NA,NA,NA,NA,NA
Stock18,2017,1,92963.18185,NA,NA,NA,NA,NA,NA,NA
Stock19,2001,1,139,NA,NA,NA,NA,NA,NA,NA
Stock19,2002,1,10,NA,NA,NA,NA,NA,NA,NA
Stock19,2003,1,130,79.09573204,NA,0.1559,0.8405,0.0035,0,-0.49687553364842496
Stock19,2004,1,208,109.8814208,0.0033,0.5658,0.4308,1e-4,0,-0.6381362880882395
Stock19,2005,1,41,46.90237857,0.0373,0.8999,0.0505,0.0123,0,0.13449632324017585
Stock19,2007,1,20,155.1072395,4e-4,0.6207,0.3788,NA,NA,2.0483844718770423
Stock19,2008,1,105,NA,NA,NA,NA,NA,NA,NA
Stock19,2009,1,83,NA,NA,NA,NA,NA,NA,NA
Stock19,2010,1,4,NA,NA,NA,NA,NA,NA,NA
Stock19,2011,1,160,274.3838437,NA,0.3283,0.6707,0.001,NA,0.539354200240173
Stock19,2012,1,90,219.8940223,0.0119,0.774,0.2141,NA,NA,0.8933360431410936
Stock19,2015,1,170,NA,NA,NA,NA,NA,NA,NA
Stock19,2016,1,285,NA,NA,NA,NA,NA,NA,NA
Stock19,2017,1,91,NA,NA,NA,NA,NA,NA,NA
Stock20,2000,1,949,401.0311228,0,0.8118,0.1882,0,0,-0.8613697613475082
Stock20,2001,1,855,379.4591314,0,0.5841,0.4159,0,0,-0.8123545685457159
Stock20,2002,1,398,605.5705976,0,0.7654,0.2346,0,0,0.41971914480151773
Stock20,2003,1,430,475.5373812,0,0.8773,0.1227,0,0,0.10066028471891925
Stock20,2004,1,293,219.4134821,0,0.7813,0.2187,0,0,-0.2892146132006394
Stock20,2005,1,216,390.2241921,0,0.3611,0.6389,0,0,0.5914430178141364
Stock20,2006,1,331,980.4061975,0,0.7468,0.2532,0,0,1.0858485976563435
Stock20,2007,1,366,1065.02001,0,0.6845,0.3155,0,0,1.0681155332980476
Stock20,2008,1,150,1013.390048,0,0.9738,0.0262,0,0,1.910421178490781
Stock20,2009,1,161,223.1692117,0,0.3495,0.6505,0,0,0.32652591559585287
Stock20,2010,1,740,819.9698377,0,0.5199,0.4801,0,0,0.10261737009087855
Stock20,2011,1,687,1253.213671,0,0.9225,0.0775,0,NA,0.6011321756694704
Stock20,2012,1,940,384.670201,0,0.7415,0.2585,NA,NA,-0.8934935288647298
Stock20,2013,1,93,NA,NA,NA,NA,NA,NA,NA
Stock20,2014,1,401,NA,NA,NA,NA,NA,NA,NA
Stock20,2015,1,1281,NA,NA,NA,NA,NA,NA,NA
Stock20,2016,1,267,NA,NA,NA,NA,NA,NA,NA
Stock20,2017,1,366,NA,NA,NA,NA,NA,NA,NA
Stock21,1954,NA,NA,NA,NA,NA,NA,NA,NA,NA
Stock21,1955,NA,NA,NA,NA,NA,NA,NA,NA,NA
Stock21,1956,NA,NA,13168.04049,NA,0.8994,0.1006,0,0,NA
Stock21,1957,NA,NA,1241.023019,0.214,0.7596,0.0011,0.0253,0,NA
Stock21,1958,NA,NA,6989.111113,0.0051,2e-4,0.979,0.0157,0,NA
Stock21,1959,NA,NA,25455.75037,0,0.2561,0.7418,0.002,0,NA
Stock21,1960,4.76,15470.35842,26358.87368,0.0072,0.6632,0.3248,0.0047,0,0.5328791473148721
Stock21,1961,2.23,1673.289117,29336.27183,0.0173,0.2694,0.7059,0.0073,0,2.8640334762327218
Stock21,1962,2.23,2.231052155,57165.71168,0.0042,0.3456,0.6495,7e-4,0,10.151236258887982
Stock21,1963,2.82,10446.74335,41894.8268,0.0137,0.8188,0.1644,0.003,0,1.3888720652195174
Stock21,1964,7.71,23132.0343,28335.58159,0.0349,0.2227,0.7403,0.0021,0,0.20289989182016768
Stock21,1965,7.71,11566.01715,30741.62449,0.0062,0.6556,0.3339,0.0044,0,0.9775463403136401
Stock21,1966,7.71,23132.0343,32657.79537,0.018,0.2904,0.6875,0.0041,0,0.3448651597251768
Stock21,1967,8.32,37437.86442,44797.33993,0.0063,0.4752,0.5164,0.0021,0,0.1794661511771393
Stock21,1968,2.23,7808.682544,38013.18019,0.0163,0.563,0.418,0.0026,0,1.5826966854202535
Stock21,1969,5.52,27594.13861,32504.340510000002,0.0194,0.4559,0.5225,0.0023,0,0.1637702536053025
Stock21,1970,3.36,13084.80416,29075.72353,0.0151,0.5497,0.435,2e-4,0,0.7984520139335325
Stock21,1971,5.52,27594.13861,13057.799,0.0352,0.883,0.077,0.0049,0,-0.748217801183316
Stock21,1972,5.52,27594.13861,12270.50809,0.028,0.0775,0.8943,2e-4,0,-0.8104047139732333
Stock21,1973,4.17,17701.41058,10954.27657,0.0026,0.9494,0.0356,0.0124,0,-0.4799143958357977
Stock21,1974,4.17,17701.41058,23707.77178,0.0129,0.0154,0.9682,0.0036,0,0.2921585874030599
Stock21,1975,4.17,17701.41058,36392.91636,3e-4,0.5967,0.3984,0.0046,0,0.72072982002037
Stock21,1976,2.88,1222.178463,42008.48824,0.015,0.3179,0.6622,0.0049,NA,3.5372368069948945
Stock21,1977,3.36,13084.80416,62404.53566,0.0064,0.4226,0.571,NA,0,1.5621863904785158
Stock21,1978,2.23,446.2104311,NA,NA,NA,NA,NA,NA,NA
Stock21,1979,5.52,27594.13861,NA,NA,NA,NA,NA,NA,NA
Stock21,1980,4.42,16585.8845,66421.71618,NA,0.4264,0.5707,0.003,0,1.3874720516160772
Stock21,1981,6.61,33073.76455,68985.29466,0.0119,0.507,0.4769,0.0042,0,0.7351530046964739
Stock21,1982,5.36,37535.86887,81109.75576,0.0127,0.3781,0.6028,0.0064,0,0.7705062678397165
Stock21,1983,NA,NA,135763.6584,0.0067,0.3405,0.6515,0.0013,0,NA
Stock21,1984,6.8,40784.44265,112681.5419,0.012,0.7296,0.2566,0.0018,0,1.0162649257022633
Stock21,1985,5.36,41289.45575,63113.62327,0.0373,0.4162,0.5421,0.0044,0,0.4243294872737662
Stock21,1986,6.8,40784.44265,82418.82783,0.0097,0.3988,0.5858,0.0057,0,0.7035132028015324
Stock21,1987,8.32,74875.72884,126163.0237,0.0077,0.3595,0.6297,0.003,NA,0.5217451190737145
Stock21,1988,9.54,85834.98073,140588.0578,0.0095,0.5291,0.4614,NA,0,0.4934074141357109
Stock21,1989,6.22,34189.29063,NA,NA,NA,NA,NA,NA,NA
Stock21,1990,6.8,40784.44265,NA,NA,NA,NA,NA,NA,NA
Stock21,1991,7.35,55090.27278,65239.31458,NA,0.4507,0.549,3e-4,NA,0.16908910856019543
Stock21,1992,7.21,79337.83315,37245.22086,0.0227,0.8789,0.0983,NA,0,-0.7561914662388391
Stock21,1993,7.1,63916.47695,NA,NA,NA,NA,NA,NA,NA
Stock21,1994,NA,NA,NA,NA,NA,NA,NA,NA,NA
Stock21,1995,6.96,30639.20807,NA,NA,NA,NA,NA,NA,NA
Stock21,1996,7.04,28873.96724,NA,NA,NA,NA,NA,NA,NA
Stock21,1997,2.23,2677.262587,27494.57075,NA,0.6522,0.3443,0.0035,0,2.329193708154617
Stock21,1998,NA,NA,25227.13516,0.0205,0.3439,0.6327,0.0028,0,NA
Stock21,1999,3.8,26576.61698,27644.55276,0.0094,0.5468,0.4424,0.0014,0,0.03939693340354906
Stock21,2000,NA,NA,18341.77282,0.0238,0.6111,0.3586,0.0066,0,NA
Stock21,2001,2.67,25885.61547,27362.26318,0.0123,0.2286,0.7576,0.0016,0,0.05547738073843577
Stock21,2002,2.57,10851.45723,27151.10209,0.0068,0.7177,0.2737,0.0018,0,0.9171182603090582
Stock21,2003,2.54,23733.33862,15372.34252,0.0362,0.4374,0.5219,0.0046,0,-0.4343107979769502
Stock21,2004,2.69,18314.76764,20208.068,0.0101,0.3828,0.6064,8e-4,0,0.09837422132482067
Stock21,2005,2.57,10898.97611,14239.00916,0.0159,0.799,0.1832,0.002,0,0.2673164721416963
Stock21,2006,2.48,25202.34452,7271.629303,0.0446,0.324,0.6249,0.0065,0,-1.2429566470569196
Stock21,2007,2.49,11327.0168,12892.52825,0.0056,0.345,0.6484,0.001,0,0.12945719873775358
Stock21,2008,2.77,13161.42006,9970.555603,0.013,0.7776,0.2078,0.0016,0,-0.27765351746695477
Stock21,2009,2.45,21648.66133,4682.036334,0.0464,0.3934,0.5436,0.0166,0,-1.5312104908068092
Stock21,2010,2.31,4262.887182,16595.31647,0.0035,0.152,0.8412,0.0033,0,1.3591738422207353
Stock21,2011,2.91,7437.871342,22585.48185,0.0033,0.5793,0.4162,0.0012,NA,1.1107226058743054
Stock21,2012,2.52,12882.65084,13315.38584,0.0283,0.6444,0.3274,NA,NA,0.03303868663145608
Stock21,2013,2.23,3792.788664,NA,NA,NA,NA,NA,NA,NA
Stock21,2014,2.23,4238.999095,NA,NA,NA,NA,NA,NA,NA
Stock21,2015,2.83,24779.4654,NA,NA,NA,NA,NA,NA,NA
Stock21,2016,2.4,14609.08098,NA,NA,NA,NA,NA,NA,NA
Stock21,2017,2.64,8568.268243,NA,NA,NA,NA,NA,NA,NA
Stock22,1983,1.31,391.8367347,NA,NA,NA,NA,NA,NA,NA
Stock22,1984,1.31,228.5714286,NA,NA,NA,NA,NA,NA,NA
Stock22,1985,1.31,391.8367347,NA,NA,NA,NA,NA,NA,NA
Stock22,2005,1,680,254.7360624,0,0.8668,0.1332,NA,0,-0.981864838457046
Stock22,2006,1,133,NA,NA,NA,NA,NA,NA,NA
Stock22,2007,1,162,NA,NA,NA,NA,NA,NA,NA
Stock22,2008,1,75,NA,NA,NA,NA,NA,NA,NA
Stock22,2009,1,111,NA,NA,NA,NA,NA,NA,NA
Stock22,2010,1,80,607.8991064,NA,0.4878,0.5122,0,0,2.0279822901010998
Stock22,2012,1,6,2692.998514,0,0.9687,0.0313,NA,NA,6.1066510717824265
Stock22,2014,1,209,NA,NA,NA,NA,NA,NA,NA
Stock22,2015,1,550,NA,NA,NA,NA,NA,NA,NA
Stock22,2016,1,2130,NA,NA,NA,NA,NA,NA,NA
Stock22,2017,1,237,NA,NA,NA,NA,NA,NA,NA
